text,label
"pelosi says biden shouldn't debate trump: 'i wouldn't legitimize a conversation with him'

HTTP

we knew this would happen. nothing will make him rise from the basement. the left will scratch, bite, and eat their own rather than face the president!

#maga",0
@USER nancy pelosi and the others democrat leaders just think that american people is stupid. this is rude and too un respectful againts people. you are a lier @USER #trump #trump2020 #maga #kag2020 #fourmoreyears,0
can someone point me to the nearest antifa headquarters so i can sign up? who's the local leader? is there an email for antifa? #maga #debates2020 #trump2020 #bidenharristosaveamerica,1
"new nickname for biden.  #bidenstein heâ€™s a puzzle of candidates.  plagiarizing trumpâ€™s buy american policy, bernieâ€™s yelling, elizabeth warrenâ€™s lying. more scary than funny #bidenharris2020tosaveamerica #amjoy #2020election @USER @USER @USER #foxnews",0
@USER typical. i don't know why nobody stands up to these turds. #dumptrump,1
"loved seeing openly lgbtq elected officials @USER, @USER, and @USER assist in delivering the 2020 democratic convention keynote ğŸ‡ºğŸ‡¸ ğŸ³ï¸â€ğŸŒˆ #demconvention #keynote #bidenharris2020",1
@USER screw you #democraticnationalconvention #trump #trumpisanationaldisgrace #trumpvirus #dncconvention #wethepeople #biden2020tosaveamerica,1
"@USER @USER it never fails, they always play the victim and cry. she had the audacity to ask for a female officer. ğŸ¤¡ #trump2020",0
@USER taylor swift wants attention and votes democrats because her payroll depends upon them #trump2020,0
"@USER + @USER + @USER + @USER = the a team 

#biden #election2020 #bernie #obama #warrenendorsesbiden #joebiden #presidentbiden #votebluetosaveamerica #voteblue2020 #notmeus #bluewave2020 #unitedasone #southasian #asian #electionsmatter #novemberiscoming HTTP",1
@USER we are witnessing that anyone with a half a brain can control peopleâ€™s thoughts! #trump2020,0
"this is the america the #democrats desire. disgusting.
#walkawayfromdemocrats #maga2020 #maga
HTTP",0
"i find it strange that djt would never hire someone at his businesses without a resume stating qualifications...but he thinks his ""resume"" qualified him to be the leader &amp; commander in chief of the usa. ğŸ¤”ğŸ¤”ğŸ¤”
#votebidenharristosaveamerica #bidenharris2020landslide 
#biden2020",1
"@USER you should do what feels right, you're the one who is going to have to live with your decision ultimately.
personally i see no reason to vote biden though",0
"biden says he will focus on truth, here is the problem.  HTTP",0
"@USER #maga 
white evangelicals are the biggest suckers in america. from tv preachers, #blacksfortrump steve bannon and the my pillow guy, grifters see working-class whites as marks, pigeons, and johns to be fleeced.",0
"@USER thank you president trump! last night was amazing! you know what, nancy is livid, she just might have a stroke ğŸ¥±ğŸ˜‰#nevadafortrump #trump2020",0
"@USER @USER enjoy!

please #followback everyone who rtâ€™s this short (1:36), upbeat video 

#voteblue 
#votebidenharris2020 
- â€œkamala and joeâ€ - 
(remember to click â€œthumbs upâ€.)

thanks! 

HTTP",1
america's ceos say trump failed on coronavirus -- and they're backing biden HTTP,1
"@USER by this time in nazi germany ted here would be showing up to be fitted with a uniform. 
gop want one party rule. they will lie cheat steal burn our constitution to achieve that end. gop want to rule not govern.
#votelikeyourlifedependsonit because it does.
#votebluetosaveamerica",1
"@USER one simple slogan, ""keep america great""!  #trump2020",0
"kneeling for the flag is against our military.

calling our fallen soldiers, pow, and soldiers losers and suckers is perfectly ok

trump logic! #maga dont deserve this country. #maga2020 voters should be deported the day of bidens inauguration for their hatred of america.",1
"is the rnc going to march out every trump voter?

newsflash: 
lies don't sway people who read

#noplatform 
#boring 
#votebluetosaveamerica HTTP",1
"joe biden to meet with jacob blake, sr., who has long history of racist, anti-semitic, and anti-christian posts, in kenosha HTTP",0
"@USER @USER @USER @USER @USER @USER @USER @USER @USER @USER @USER @USER @USER @USER @USER @USER @USER @USER @USER ğŸ‡ºğŸ‡¸ thank you for the mention, stephen!

#trump2020!",0
"@USER @USER @USER he's a senate-confirmed presidential appointee and forbidden to even attend the convention.  that's hardly the democrats keeping him from speaking.  and if you want to talk double standards, the trump admin is full of them so stop whining. it's time for trump to go. #voteblue2020",1
"campaign trump is the best trump.

#trump2020 #trump2020landslide",0
"@USER lol, biden needs a bump to keep him hummin'",0
how to safely return your absentee ballot without usps #vote #votebidenharris #voteblue2020 #voterfraud #votersuppression  HTTP,1
"it's the final night of the #demconvention!

make sure you watch joe biden with me! 9 pm et - HTTP",1
if after watching the debate you still are voting for trump... wow,1
"@USER remember back when you said â€˜listen to the expertsâ€™ ?

no?
yeah, figures now that it doesnâ€™t fit the new democrat agenda i guess ğŸ¤·ğŸ»â€â™‚ï¸

#usps #fauci #vote2020 #trump2020 HTTP",0
"""trumpâ€™s executive action may be too little, too late, especially if people...do not similarly fight back against this movement"" #fightbackamerica #trumpwarriors #kag wake up &amp; fight!! stop looking to govt to do it for you! 
HTTP",0
"@USER @USER @USER ........ &amp; don't let him cancel your dinner plans anymore either! open the economy! demand voter id! biden wins landslide!

#nevertrump

#biden2020landslide",1
@USER he never had a lead in texas...  except  for the same lead as crooked hillary in your liberal fantasy polls! #trump2020,0
@USER @USER @USER @USER oh please @USER will chew him up and spit him out and we all know it. ğŸ‡ºğŸ‡¸ğŸ‡ºğŸ‡¸ğŸ‡ºğŸ‡¸ #trump2020,0
@USER welcome to the family!  wise choice!  #trump2020 let us save our country from the self-destructive &amp; ever angry hateful empty democrats. HTTP,0
"#gop donald trump knows his reelection chances are in trouble, so he's trying to confuse americans &amp; erode trust in our elections. heâ€™s losing to joe biden, according to almost every poll. so he's trying to sow discord &amp; confusion about the election.

HTTP",1
@USER yay #trump2020 again,0
"hillary is every bit the white supremacist republican
joe biden is. joe clearly not being as competent a candidate  is re-enraging shitlibs vs the left.",0
"@USER it's so weird, once in a while he sounds lucid. anyway....#biden2020",1
"@USER well, i guess then we won't have to worry about his ""re-election"" wants/hopes &amp; desires after we re-elect him in november.

it'll just be full steam ahead agenda to move this country forward...

#trump2020 
#pence2024 
#trump2028 
#trump2032 

your world will be a nightmare...",0
"@USER @USER then why donâ€™t democrats come out and denounce all this violence?
#seattleriots #democrats #blmterrorists #blm #antifadomesticterrorists #antifa #trump #trump2020 #maga #maga2020 #election2020 #lawandorder #usa",0
"@USER maybe if you dems hadnâ€™t wasted so much $ in the 1st bill  like for the arts - what did that have 2do w a pandemic-employees were laid off wo a dime, maybe thereâ€™d b$ for the kids you are now so concerned about. @USER ğŸ‡ºğŸ‡¸ğŸ‡ºğŸ‡¸ğŸ‡ºğŸ‡¸ğŸ‡ºğŸ‡¸ #trump2020",0
@USER followed you. please follow me back #resist  #fbr  #voteblue2020  #bidencalm,1
president trump and biden prepare for a debate that could turn personal HTTP,1
"@USER #rnc2020 is going to be lit @USER ! we will hear about a 3 year record of accomplishment by the #potus @USER as opposed to a canned speech that avoids the ""void"" of 47 years of nothing under #hidenbiden",0
"@USER idgaf who he picks. i'm voting blue, no matter who. 

we must get this fucking maniac out of our white house.

#votebluenomatterwho 
#ettd",1
"@USER @USER every time trump is in front of a microphone his mental ability should be called into question. he in incoherent, inept and incompetent. i feel much safer with biden as president than the unethical, corrupt fool we have now. #biden2020",1
"@USER can't wait to see you breakdown screaming when trump hands bidens ass to him
#trump2020",0
"djia is at 93.9% of all time high, despite #democratstheenemywithin trying to tube the economy!!  #trump2020 defeats impact of #covid_19 !  live with it!  vote @USER dum @USER  go with @USER @USER",0
"@USER awful and shocking. trump ignored all rules, could not show any self restraint or decency. i expected him to be shameless and vicious (to the point i wasnâ€™t sure iâ€™d watch) and he was still much more cruel than i could imagine. we must vote this tyrant out",1
@USER we are with you alllll the way! #trump2020,0
@USER a former president who wasnâ€™t impeached and who won the nobel (not â€œnobleâ€) prize. jealous much? #obamawasbetterateverything  #votebluetosaveamerica,1
"@USER @USER @USER @USER câ€™mon man, all the dem leaders have been in office for decades and accomplished very little.  trump outperformed them all in 3.5 years.  #maga",0
"@USER @USER americans must vote out the following people from their respective offices:
susan collins
mitch mcconnell
lindsey graham 
donald trump 

who else should be voted out office?

#votebluetosaveamerica",1
"@USER yes, @USER. move, rather than actually protecting your home and solving a frigging problem. #coward #compliance #antifa #blm #maga #trump2020",0
@USER oh please... how about releasing your taxes! #dumptrumperdinck #dumptrump2020 #dumptrump #releaseyourtaxestrump #trumpisaliar #trumptaxreturns #trumpcrimefamily #trumpisafake #trumpisaphony #trumpisfake #phonytrump,1
kamala. hillary. barack. today is going to be ğŸ”¥ğŸ”¥ğŸ”¥ğŸ™ŒğŸ½ğŸ™ŒğŸ½ğŸ™ŒğŸ½ #demconvention #dnc #democraticnationalconvention #bidenharris #bidenharris2020 #joebiden #kamalaharris #kamaladay #vote HTTP,1
#backtoschool2020 today in florida! #trumpcountry #trump2020 #godblessamerica HTTP,0
@USER @USER is right.  so why are you still a @USER  in disguise?  #maga #trump2020landside #keepamericagreat,0
yâ€™all nothing has really happened yet but biden has that fresh cut ok king,1
"@USER what is with the #gopcowards wanting to withhold money from states? stop creating bullshit legislation, that you know has no merit. #votebluetosaveamerica",1
"the u.s. government is now deciding what you can put on your iphone. it wonâ€™t stop with #tiktok
#governmentoverreach #votetrumpout #votebluenomatterwho #votebiden #voteblueasifyourlifedependedonit #putinpuppet #bluewave2020
 HTTP",1
to all the pundits on my tv talking about how the convention was light on policy specifics: that's what the debates are for. i cannot wait to see joe biden and kamala harris go toe to toe with trump and pence on policy. bring it! #demconvention,1
"i miss having a president that speaks eloquently. that has empathy and hope for a better tomorrow. fortunately, we will soon  have that again with #bidenharris2020. 

#demconvention",1
"#americawakeup antifa is using the black community for their own gains as a shield, they don't care about you, your family, or your future.  watch this video, it's extremely well put. #maga

HTTP",0
"@USER @USER @USER @USER @USER good paying energy jobs will be eliminated under biden.  he wants to end fracking, and cars.  there isn't any technology to replace cheap and plentiful oil.",0
"@USER @USER @USER @USER this guy is excused. he earned the right to do whatever the f*** he wants.
#veteransfortrump 
#trump2020 HTTP",0
@USER really? anyone with a functional brain can see biden would be worse than obama,0
"@USER @USER and #joebiden would reach 
down to the bully he just decked to offer a hand up and offer to shake as a gesture of peace. reset. new start.",1
"@USER @USER @USER @USER @USER or these, so many great, strong, honorable, first nation (native) leaders. lets build  their monuments and name forts and bases for them instead of racist trash. make america proud again! #votebluetosaveamerica   #biden2020 HTTP",1
"@USER @USER trump is good at personal attacks and name-calling already, no prep is needed. trump is a master of lies and good at creating fear. heâ€™ll be rude and disrespectful because he doesnâ€™t have anything valid/worthwhile to say. i just hope biden doesnâ€™t lose his cool.",1
@USER @USER go to his website or listen to the speech he just made to the auto workers union. his plans will help us all #votebluetosaveamerica,1
@USER @USER thatâ€™s why the government lets poor people live for free in the utopian democrat run cities of light!  ğŸ‘#trump2020,0
@USER even the 200k dead i think biden will mismanage our medical system. the number wouldnâ€™t be as high but i think one of the biggest pieces for covid deaths is affordable access to healthcare and bidenâ€™s got no effective plan for that really,0
"@USER @USER @USER @USER @USER @USER yes he is! that will change nov 3, though.
#votebluetosaveamerica",1
"@USER @USER president trump is the patriotic vote of iran and a way to overthrow the terrorist mullahs' regime
you have my vote presindet trump.  #trump2020 #iranianssupporttrump",0
"@USER show your taxes, criminal drumpf 

too scared and cowardly......yes we know

#votebluetosaveamerica",1
the biden for president campaign is celebrating itâ€™s one year anniversary by encouraging community service #2020election HTTP,1
@USER @USER @USER yeah the morons who have been in office for the last 30-40 years have done such a great job managing social securityâ€” hmmm do you know any people who have been in office that long?  #trump #trump2020 #trumplandslide2020,0
"@USER @USER republicans offered a 1 week extention, a political plan with the sole intent to have dems reject and appear uncooperative. fat ass @USER â€˜s cheap tactics will backfire and republicans @USER in dc will be leaving washington with him. #biden2020 #executiveorder",1
@USER according to #dementiajoe one third of americans already died from the #coronavirus ğŸ˜‚ğŸ˜‚ğŸ˜‚ fools like you creeoy joe should stay indoors because youâ€™re making a fool of yourself. vote #trump2020 #kag2020 @USER HTTP,0
@USER expose this. if you #goggle HTTP,0
"#maga i am keeping track of @USER 
following count she was at 45 now 47 after i tweeted. every follow you give her i will donate into trumps campaign 1 follow = 1 dollar. i owe 2$ so far into trumps campaign.",0
"@USER @USER it means that biden will be topped up and plugged in, is what it means.",0
@USER from your lips to godâ€™s ears. #votebluetoendthisnightmare #voteblue2020,1
"the nation watched last night as joe biden managed for the most part to not fall asleep, completely lose his train of thought or declare that millions of americans have died from coronavirus. HTTP",0
"joe biden could drop his pants on 5th avenue , deficate and i'm still voting biden 2020",1
@USER @USER @USER the fringe-right #maga crowd is in full frantic mode with their disinformation campaign of just flat out lies and deliberately misleading narratives. that should tell the american people one thing: they know that the truth won't help trump beat biden. all they have left is lies.,1
"i support trump because....
1.  i stand by our constitution.
2. i stand by african americans.
3. i stand by our military and police.
4. i stand by freedom.
and last but not least....
5. i abhore child abuse! 
#trump2020 #draintheswamp 
#wwg1wga",0
bloomberg is speaking the truth - i would never re-hire someone with donaldâ€™s record over the past four years. america shouldnâ€™t either. #demconvention #dncconvention2020 #bloomberg #votebidenharris2020,1
@USER good try sleepy joe.. itâ€™s the radical leftist which is your party! #trumppence2020 #democratsareevil #democratsaredestroyingamerica #redwave2020 #trumplovesamerica #democratshateamerica #trump2020 â™¥ï¸ğŸ¤ğŸ’™,0
"@USER their plan doesnâ€™t even include biden. he is their trojan horse, and theyâ€™re not even trying to hide it anymore!",0
a powerful uplifting video  of black americans perfectly describing their support for president trump and defining blm. outstanding young men. #trump2020 HTTP,0
"@USER trump is not fit to lead, and last night put the nail into the coffin of his failed presidency",1
"@USER a career politician like @USER talking about ""too many lies.""  lol   that's rich.

#walkaway 
#trump2020",0
"interesting that the fake media obly now starts to call for an end to the  riots because they know it's hurting democrats &amp; all of his sudden the governor of wisconsin requests help from pres trump
 it's just politics to them
#maga
#keepamericagreat 
#trump2020 
#rnc2020",0
"@USER @USER so hogan, does this mean trump will stop fighting to eliminate pre-existing condition protection in court? i didn't think so. trump/gop need to go for the sake of america. #voteblue",1
@USER you are delusional ! #trump2020,0
@USER glad he has nothing more pressing to attend to  ... we need a chief executive and team who will work hard on behalf of the american people - not one who tweets and tvs all day. so #wewillvote and we will #voteblue from the top to the bottom of the ballot! #bidenharris2020,1
"@USER ur the last person who believes in prayer. the art of the deception.

ğŸ‡ºğŸ‡¸ğŸ‡ºğŸ‡¸ğŸ‡ºğŸ‡¸ğŸ‡ºğŸ‡¸ğŸ‡ºğŸ‡¸ğŸ‡ºğŸ‡¸ğŸ‡ºğŸ‡¸
god bless america

drain the swamp
dump @USER

so help us god!
ğŸ‡ºğŸ‡¸ğŸ‡ºğŸ‡¸ğŸ‡ºğŸ‡¸ğŸ‡ºğŸ‡¸ğŸ‡ºğŸ‡¸ğŸ‡ºğŸ‡¸ğŸ‡ºğŸ‡¸

#dsdt2020 #maga2020
#kag2020 #bebest #unhinged #2020election #americafirst #berniesurge #coronavirus",0
"listen to joe: free healthcare, universal childcare, bailing out working class citizens.

it's amazing that it takes a global pandemic to get moderates to embrace progressive policies. #demdebate",1
on another note biden is also extremely painful to listen to and did he really just call amy barrett a fine person? i canâ€™t do this,0
time to petition to sue twitter for its blatant attack on conservatives #1a and its liberal brainwashing tactics on the american people.  #maga @USER @USER @USER #2a #vets @USER #draintheswamp #demoncrats,0
@USER no thanks!  i will vote for donald j. trump!!!  #youaintblack #trump2020,0
"trump better win 2020. the world depends on it.
#trump2020  #bidenharris2020 #biden",0
@USER thank you for saying it at loud ğŸ‡ºğŸ‡¸âœŠğŸ» #votebluetosaveamerica #votebidenharris2020 #votegopout,1
living for @USER tweets rn. savage af and iâ€™m here for it ğŸ™ŒğŸ˜‚ #dumptrump #bidenharris2020 HTTP,1
"@USER i remember writing to senator toomey about my concern about trump's racist comments against the squad leading to violence against minorities.  of course, he was silent.  and then there was el paso. this man, who activates his violent base, is a danger to our country.  #voteblue",1
"@USER stop burning building, beating up and sometime murderer people,  how about getting a job. #trump2020",0
"biden won't fall for the flattery of dictators..... #colinpowell

#dnc2020 #demconvention #bidenharris2020",1
"and i'll take trump any day, honestly. 

i don't think this moved the needle. i'll say this. anyone thinking about joe biden wasn't inspired to vote for him after this. though some may have decided against trump. i think a lot more look at biden and don't see him as a replacement",0
"@USER #rnc2020 you guys nailed it! great convention, every. single. day. tonight was the icing on the cake! best president ever! #trump2020landslidevictory",0
@USER i predict i'm voting for biden anyway.,1
@USER @USER what about the innocent children stolen from their parents and stuffed in dirty border cages like wild animals? what about the 100s who have gone missing ? your hypocrisy is showing. #savethechildren ğŸ™ #votebluetosaveamerica,1
@USER @USER @USER we can only hope so! #biden2020,1
"anybody else getting impatient? it's time to make a decision
@USER #joebiden #kamalaharris #democraticparty #democrat",1
@USER so donâ€™t care what he thinks. #votebluetosaveamerica,1
"@USER love you right back, brother !!! â™¥ï¸ğŸ‡ºğŸ‡¸ #trump2020 #takingbackourcountry #patriotfam #onenationundergod",0
@USER @USER the children and future of our nation will plunge into a third world country if a democrat gets elected. #magağŸ‡ºğŸ‡¸#iâ¤ï¸usa,0
@USER trump supporters are everywhere im following you and all other #maga #americans working people who know how trump is the best potus ever~ very active trump twitter supporters~ ğŸ‡ºğŸ‡¸ğŸ‡ºğŸ‡¸ğŸ‡ºğŸ‡¸fight against tyranny~,0
"@USER @USER i appreciate your apology, something trump has never &amp; will never do. but this election is about defeating trump. we need to unify not only the party but the country. @USER has not shown the ability to do that. @USER better progressive messenger #votebluetosaveamerica",1
@USER yes!!!!!!!!!  thatâ€™s exactly whatâ€™s happening. #formerliberals are now #maga2020 like myself. never would i have thought iâ€™d say that until recently. #votebluetosaveamerica @USER,0
"soooo @USER @USER @USER @USER @USER @USER #maga #coronavirus  has he made ğŸ‡ºğŸ‡¸ great 4u? has a friend, family, or a friends family member died, got/is infected lost their job or buis. &amp; now un-emp benefits? #ridenwithbiden #votebluetoendthisnightmare HTTP",1
the cabal hates god! we muslims and christians needs to stand together! we believe in god we love peace and freedom! just like the fake news lies about our amazing president @USER  they been lying to you guys about my religion believe me we stand for peace &amp; justice #trump2020,0
"leftists hurl racist abuse at black, naturalized rnc speakers HTTP",0
they (democrats) are trying to crucify trump like the people crucified christ for telling the truth ğŸ™„ğŸ¤”does this means trump is god no it just means the world is crooked and wicked when a good hearted man tries to change something bad into something good #trump2020 #godbless,0
"@USER but #georgesoros funded #blmdomesticterrorists who actually donate to @USER and his campaign is ok? burning buildings, shooting innocents, bashing people and demolishing entire cities is ok? #thesilentmajority sees your bs and is voting #trump2020 HTTP",0
@USER @USER they were either robbed or brainwashed. #trump2020 #maga,0
@USER @USER @USER @USER @USER @USER @USER @USER @USER @USER @USER @USER @USER @USER @USER @USER following all patriots #kag...thank you very much marilyn @USER ğŸ™ğŸ»ğŸ‡ºğŸ‡¸âš˜âš˜ HTTP,0
"@USER @USER ""from the very first day of this administration"", you shelved your christian beliefs &amp; supported the single most corrupt #president this nation has ever seen!!!  neither #wethepeople, or the history books will ever forget...  a #democratic landscape is coming in nov., thank god!!",1
@USER canceling the #2020election so trump is president for 5 more years!,0
"we canâ€™t have 4 more years of trump and gop rule. they will break the back of this country. 
make sure your senators and congress work for you not against you
vote blue down the ballot 
#votebluetosaveamerica 
#bidenharris 
#dems4usa HTTP",1
"@USER i've never been more motivated to vote in my life.  i'm also so appalled, though not surprised, at trump's behavior.  the man has no dignity, and you're totally right - look at what he says.  it tells you all you need to know about him and where his priorities lie.",1
@USER for the next 4 years #trump2020,0
"@USER up, down and sideways, if need be! #vote2020 #voteblue",1
"@USER @USER yes !!!!! i of course i would vote for #joebiden aa our democratic nominee, but too bad we canâ€™t vote ğŸ—³ for #barackobama as our vice president though. just #votebluetosaveamerica HTTP",1
"everything, the democrats do , is either fake and / or political nonsense 

i am not surprised at all

#trump2020 #maga #kag
@USER @USER
@USER @USER
@USER @USER @USER 
@USER @USER

HTTP",0
@USER we the people have to stand for something. our freedom is under attack the foundation of our country is being attacked. we must show our support for those who are brave enough to fight this evil head on!!! #maga #minoritiesfortrump #americafirst HTTP,0
"black people make up less than 2% of #maineâ€™s population but almost a 25% of its #coronavirus cases. i'm sure @USER is concerned and disappointed. #doyourjob #dumpcollins #trumpfailsamerica #trumpliesamericansdie #votebluetosaveamerica
 HTTP",1
"@USER has accomplished much since taking office, but what might he have accomplished if not for the hysterical obstruction of the dems? this obstruction is driven by fear - fear that trump and his supporters might be proven right, and they themselves wrong. #trump2020",0
"@USER the debate clearly showed me biden has control. trump is off his rails. cannot have a leader like that. his time is up. god willing, electoral college favors biden by a wide margin!",1
supporting your local vote ğŸ—³ğŸŒµğŸ¤  #arizona #vote #vote2020 #voteblue2020 #voteforchange #voteforchange #arizonavote #students #votebymail #sheastanfield #democrats #democracy HTTP,1
"@USER agreed. only difference is trump has been doing things for less than 4 years, but biden's 47 year record is lacking. given he's not president, not for lack of trying, it is on him to answer what he would do differently. he provided 0 plans tonight.",0
"@USER #america #americafirst #djt #draintheswamp #4moreyears #fourmoreyears #gop #kag #kag2020 #maga #maga2020 #potus45 #potus @USER #trump #trumptrain #trump2020 ğŸ‡ºğŸ‡¸#usa #votered

this is #presidenttrump working while dems &amp; #fakenews sleep, only to later wake up &amp; falsely accuse him. HTTP",0
"i know, i know, donâ€™t get hopes up, etc. however, the nyt tax story, parscaleâ€™s alleged domestic abuse and commitment, the failure of trump to concoct anything that sticks, bidenâ€™s performance and consistency, the current lead in necessary states. iâ€™m just trying to stay level.",1
@USER @USER the gall of him to question an actual scientist is appalling. thatâ€™s who the @USER is. #trump and the #republican administration must go. #votebidentosaveamerica #voteblue,1
"richard grenell rnc speech savages russiagate, globalism and democrats: &amp;#8216;the boss is the american people&amp;#8217; HTTP",0
"@USER it will be such a relief to have a real president.
no more toddler tantrums.

#biden2020  

#bidenharris2020 

#bidenharristosaveamerica",1
"make america great again.

#makeamericagreatagain #maga HTTP",0
"#america: past #brownshirts are now wearing black hoodies and bandannas to fire bomb houses of worship and loot your businesses.  you voted for weak-kneed #democratic leaders so who will protect you when chaos comes to the upper eastside? time for a change!
@USER",0
"who do you think #biden is planning to select for his female vp?
#voteblue2020 #democraticdebate",1
"@USER @USER @USER well, they didnâ€™t ask you i notice. ğŸ˜Š jelly much? ğŸ¤£#biden2020 #karin4congress #votebluenomatterwho",1
"this past week of the #rnc2020 @USER, voters were reminded the best is yet to come for every american under a second term of president @USER. HTTP",0
"postmaster general denies he changed usps policies regarding election mail HTTP
did anyone expect him to say
â€œya i did it coppers!â€ ? ğŸ¤·ğŸ»â€â™‚ï¸
#voteblue",1
"@USER @USER trump stood there laughing
i felt the pen in my hand
trump laughed no more......vote him out.....",1
"@USER @USER #voteblue 
#votebidenharris2020 
- â€œkamala and joeâ€ - 
remember to click â€œthumbs upâ€ on youtube. 

thanks! 

HTTP",1
i love biden â¤,1
4 more years! 4 more years! #rnc2020 #trump2020 #trump2020landslide,0
"@USER @USER @USER @USER what? it's not republicans who've been getting away with looting and arson, stealing biden signs, assaulting people for wearing biden hats, and executing biden voters on the street like what happened to bernell trammell and jay danielson.",0
@USER poosies afraid of biden,1
"if the death to america party can't arrange for the greatest election theft in their history, they're done, their global/ commie agenda is done.
4 more years of #maga power transforming this country, followed by at least another 8, if not another 16, and they'll never recover.
ğŸ™‚",0
@USER 45 is reagan's legacy ğŸ¤·ğŸ¾â€â™‚ï¸ prove me wrong. #maga,0
@USER you've left the plantation and done your own research into everything that #presidenttrump has done for the black community vs #youaintblack and harris who destroyed many black families by imprisoning thousands of black people for non violent offences #trump2020 #blacksfortrump HTTP,0
@USER it's september 1st and you haven't done anything to help american citizens. you're holding up money to try and get your ridiculous wish list. #trump2020 #voteredtosaveamerica2020,0
"@USER @USER i will stand in line one hour for each #tre45onpuppet and 10 hrs for @USER - if we haven't already impeached and removed him as we certainly should.

#tre45on  #americaortrump  #impeachtrumpagain  #votebluetosaveamerica",1
"@USER @USER naw, your nazi right wing mob is who we need to eradicate. you support putin's orange agent in the oval office. i see this as a seditious act.

#seeyouinnovember 
#expectus
#votebluetosaveamerica",1
"@USER how many hours a week does your guy spend on his couch watching #fauxnews and calling it ""executive time""?

i know: exactly all of the hours he is not standing in front of a crowd begging them for attention.

he lets others do his work as #potus.

#voteblue to get a leader.",1
#lyingtrump &amp; the â¦@USERâ© #gop are all a grave danger to the usa &amp; the world. with #trump #gop voter suppression &amp; use of foreign governments to interfere in the election plan now to be registered &amp; to #voteoutthegop even if you miss work. HTTP,1
@USER @USER @USER lolâ€”perfect gif!ğŸ˜„ğŸ‘ president trump is going to have so much funâ€”while biden is shaking in his boots. definitely a night for popcorn!ğŸ¿,0
#healthcareworkers #medicalstaff #doctor #physician #frontlineworkers #scientists @USER @USER @USER donâ€™t give a crap about you and he and the party donâ€™t trust any of you #votebidenharris2020 #voteblue #votersuppression,1
via @USER senate is not extending jobless aid at an unprecedented time where there are no jobs for many to be had. #votebluetosaveamerica  HTTP,1
"@USER @USER trumpets know trump will do nothing to enhance their true standard of living, but the feeling that he will is good enough. itâ€™s this feeling that he will do for them that he wonâ€™t do for others. itâ€™s the emotional connection that he cares fuels trumpets. #biden2020 HTTP",1
iâ€™ve never cared for the vp more than i do now #joebiden #kamalaharris HTTP,1
"@USER: the administration has failed to act quickly enough. not because of the impeachment hearings. what total bullshit! stop playing political games. stop lying! the president and the republicans have failed america.
#votebluetosaveamerica",1
"you are jealous of jeff bezo because he is richer than you.  you aligned yourself with mbs to hack his phone, it will be revealed eventually.  you are a clear &amp; present danger to our national security.  #votebluenomatterwho #votebluetosaveamerica @USER @USER HTTP",1
"all i heard from trump was me me me me blah blah blah. i saved football!  joe on the other hand showed his concern for americans. joe was genuine, trump was all about trump and how he thinks heâ€™s been so good. he doesnâ€™t even have a plan for the next 4 years.  #debatenight",1
"@USER @USER @USER @USER heâ€™s the bully?  trump routinely calls people names, walks out of press conferences, locks children up, doesnâ€™t care that 204k people are dead and biden is the bully??  check again",1
biden keeps say â€œbunkerâ€. i love it! lmao #debate2020,1
"@USER @USER just like hilary was going to win? the #fakenewsmedia is not very smart. same old song by the #corrupmedia hilary is ahead, biden is ahead, bash president trump daily, ignore joe biden's corruption.",0
important: a critical warning to all voters about donald trump from jason johnsonâ€”a warning that mirrors exactly what i just tweeted re trump: he doesnâ€™t care about winning. he wants to keep power at any cost. vote. early. spread the word. #rnc2020 #maddow #11thhour #bidenharris HTTP,1
@USER @USER @USER get another test!  HTTP,0
"i lost my fiancÃ© tonight because i follow trump and q...

we have a 1 year old... 

i am literally having to uproot my life... 

i am devestated.. 

broken hearted... 

but i still believe..

                      -&gt; believe with me. 
#qanons #maga #kag 

HTTP",0
"five hundred religious leaders â€• christians, muslims, jews, hindus, sikhs and others â€• have jointly endorsed the democratic presidential ticket of @USER biden and sen. @USER  

#bidenharris2020
#bidenharrislandslide2020
#biden2020
HTTP",1
"â€œif you take one thing from my words tonight it is this: if you think things cannot possibly get worse, trust me, they can and they will if we donâ€™t make a change in this election....we have got to vote for joe biden like our lives depend on it.â€ - michelle obama, #demconvention",1
@USER it will all be staged for biden.,0
"@USER @USER first responders police firefighters and blue collar workers for trump2020!
#maga",0
"@USER best president ever!
#trump2020",0
"@USER please stop pushing polls. we need to all act like biden is 10 points behind and only our vote &amp; those of our family &amp; friends can save us!
#votelikeyourlifedependsonit 
#votebluetosaveamerica",1
@USER kevin you want a free signed check to help your millionaire and billionaire friends @USER wants a safe oversight #gopcorruptionovercountry #votebluetosaveamerica,1
biden phone home! @USER @USER @USER @USER #maga2020 #kag2020 #kag #trump2020 HTTP,0
"watch ""maga drag the interstate -  the gathering has begun ! we are the rally"" on youtube - HTTP
#trump2020",0
excited about â¦turning the page from â¦â¦@USERâ©?! #votebluetosaveamerica #votebidenharris2020 #bidenharris2020 #census2020 responding online | 2020 census HTTP,1
@USER #kag2020 #trump2020 iâ€™m one of the assholes that voted for him and will do it again november 3 2020 ğŸ˜‚ have a wonderful day donâ€™t forget to support ur local anarchist to achieve below if yâ€™all r strong enough to stand against patriots ğŸ–•ğŸ» HTTP,0
"@USER @USER a trump win is our last chance, the us withdrawing from the un is likely after trump wins.
our swamp is very closely linked to the us swamp.
no more us money will leave only europe on the path to self destruction.
europeans will demand the freedoms americans will still enjoy.",0
@USER democrats at their convention wish to segregate the united states into groups by gender and race. the republicans swore in people from different races and genders into becoming americans #trump2020 and an immigrant was headline speaker. #cspan,0
"@USER you do know that its the #traitorinchief 
#gopbetrayedamerica  who we must defend against
#votebluetosaveamerica",1
"@USER @USER is about cohesiveness, exactly the right message. #votebidenharris #democraticnationalconvention",1
@USER iâ€™ve talked with many people today who say theyâ€™re too anxious to watch. we all are sure it will go well. but ugh i canâ€™t stand to see 45â€™s shenanigans. biden iâ€™m sure will be great. our bell wether county is showing far fewer trump signs than in â€˜16. HTTP,1
joe biden doesnâ€™t like judge barrett because he can grope her or sniff her hair. HTTP,0
"donald trump told white supremacists to wait until he gives the word to pull up. if youâ€™re black and support trump, what yâ€™all gonna do when these race soldiers canâ€™t tell that youâ€™re a  #maga supporter HTTP",1
@USER have you forgotten the fact that when you and o left the white house their were 13 million more of food stamps and 8 million more in poverty.  #trump2020,0
"@USER honestly, i'm never going to expect @USER to ever condemn white supremacists, because he is one of them. #racisttrump #votetrumpout #debates #election2020",1
@USER i wasn't impressed by his speech. those proposals could have came from any ordinary folk's mouth. does #joebiden really know how to run the country? hmmmmm.,0
president trump is not a racist. he has done many things to help the black community from opportunity zones to prison reforms. he increased employment for blacks. a racist would not do any of this.#maga,0
@USER trump knows he's going to lose. everyone needs to #voteblue for biden and down ballot. that mf isn't going to steal this election. #biden2020 #saveourcountryvoteblue,1
biden's already slipping!,0
@USER now do the part where he sounds demented you hack. #fakenewscnn #trump2020 #deardiary,0
"@USER break the law and get a prime time speaking gig for the @USER. be a pathological liar and get nominated to lead the entire #republican party. 

that's what the @USER are telling us without wanting to sound too proud about that fact, right @USER? scif breacher bingo.",1
"@USER that would be insane. the whole idea is to give the gop less targets hence the vetting process. they're already making up lies about biden and they'll do the same thing to his vp choice. fox and oann would have a field day making up shit about a whole cabinet.

#voteblue",1
@USER blah blah blah what is your plan?  #;hellnodementiajoe  #trump2020,0
@USER this city has turned into a shit hole of domestic terrorists. they should all fly one way to north korea and see if ğŸ‡ºğŸ‡¸ is so bad.  terrible democrats leading their citizens into hell. #magağŸ‡ºğŸ‡¸ğŸ‡ºğŸ‡¸ğŸ‡ºğŸ‡¸ oh and biden is smelling kids! HTTP,0
@USER i am sending joe biden all the positive vibes i can. i am anxious.,1
@USER @USER is jill biden debating for sleepy joe? #trump2020 #bidenriots,0
"the #dnc #dnc2002convention is making me feel hopeful.

and since the #trumpvirus i haven't felt hopeful in a long time !

thank you @USER @USER

#votebidenharristosaveamerica
#votebluetoendthisnightmare",1
"iâ€™m as surprised as everyone else, but #joebiden is actually killing this debate",1
"""because i am a democrat with a capital d"" - joe biden 2020 #democraticdebate #joebiden #capitald",1
let antifa and blm abolish the police and government. thatâ€™s the only two things standing in the way of good america loving patriots from shooting these sorry excuses of flesh. #trump2020,0
"@USER @USER don't hold your breath.
#votebluetosaveamerica 
#votebiden 
#trumpisnotadoctor",1
"insanity â€œweâ€™d expect nothing less from #donaldtrump,who pissed away the chance to protect the lives of 200k americans when he didnâ€™t make a plan to stop covid-19â€#biden campaign issues hilarious smackdown on trumpâ€™s demand for debate drug test - HTTP",1
"@USER #joebiden the only one fit to do the job ğŸ’ªğŸ»

#fbrpartytime #fbr

 #presidentbiden #november3rd HTTP",1
"@USER additional that same idiotic logic that so many people believe when they voted for this mad man we have in our house. what do you have to lose??? we new, and itâ€™s even worse. #biden2020",1
"well, @USER , that went well!
#votebluetosaveamerica @USER @USER @USER @USER @USER @USER @USER 
â€˜fox  HTTP",1
yâ€™all do know that trump is gonna smoke biden in this debate right ? ğŸ˜­ğŸ˜­ğŸ˜­ğŸ˜­ğŸ˜‚,0
"@USER @USER @USER as much as possible i'm gonna get off my butt everyday up through november 2, to vote early and work to engage and encourage others to do the same. 

#postcardstovoters 
#volunteering for fed &amp; local democratic candidates

#votebluetosaveamerica 
&amp; #voteouthate",1
"@USER your orange ""tan"" is making the gray hairs that aren't dyed blonde show up more and more on tv...you are aware of that, right? 
#biden2020
#biden2020landslide",1
"@USER @USER i believe it!
#maga",0
@USER @USER we already have one!! #trump2020,0
"many of these #blm city ares are not police able and should be patrolled by the military in tanks. 
 @USER #trump2020 #covid19 #warroompandemic #blm #backtheblue #walkaway #screenwriting @USER",0
"lincoln | joe biden for president HTTP

let's retweet this message that america needs a real president who leads, not a reality tv president. #gojoe

#votebluetosaveamerica #biden2020 @USER @USER @USER",1
i will say it again no joe biden can not take a bathroom break let him piss his pants and kamala can blow him dry.,0
"never has a nation taxed itself into prosperity, yet here we are watching the #democraticdebates watching a half dozen morons try to outdo each other on their tax and spend policies... oh wait... no oneâ€™s watching.  #maga2020 #kag2020 @USER @USER @USER",0
@USER @USER @USER trump said the right thing. fake news can spin it all they want! #factsmatter #trump2020,0
"@USER thanks! except for cheating with #ballotharvesting(break through the cheats,tulsi!)we can win #newhampshire. 
they won't easily fall for the utter bs #biden's handlers are campaigning on through the atlantic and nyt while #joebiden naps. 
so we have a chance getting truth to #nh.",0
"@USER @USER there is a special place in hell reserved for @USER who racistly &amp; misogynistically don't support blacks, women, &amp; especially black women!
kim klacik: the days of black voters blindly supporting democrats are coming to an end |  HTTP",0
"@USER submit or be publicly shamed!

#trump2020 #maga
#voteredtosaveamerica
#walkaway
#americafirst",0
"@USER @USER racist @USER can't get over the fact that @USER will always be a better man, husband, citizens and president that @USER will ever be

#votebluetosaveamerica #trumpliesamericansdie 

HTTP",1
"this will be great! spread the word!
open to expand 

HTTP

#joebiden #bidenharris #biden2020 #cher #lgbtq #lgbt #vote2020 #voteproud #voteblue2020 #trending #kamalaharrisvp #ridenwithbiden #byedon #townhall #grassroots #hrc #glaad HTTP",1
@USER thank god we have trump. itâ€™s obvious you donâ€™t even write your own tweets dimentia joe. #trump2020,0
"@USER make america smart again!
#voteouthate
#voteoutthegop 
#votetrumpout 
#votebluetosaveamerica",1
"i'm hoping that trump brings up that hunter biden was smoking crack, getting paid by russians, and helping the chinese military at least 17 times.",0
@USER agreed! i will be happy with anyone he chooses. they are all quailfied. #biden2020,1
"called it! my folks and i made this thing waaay ahead of time and it was worth it!

#kamalaharris
#joebiden
#vppick
#bidenharris2020 HTTP",1
"@USER how many people died mike?  tell me how many people died. positive tests mean nothing. with a better than 99% recovery rate. your stories sound more like,  the sky is falling! the sky is falling!  cancel your worthless mandates and open ohio now.  trump 2020!",0
character. compassion. science. decency. all on the ballot. no rhetoric. #dnc2020 #bidenharris2020,1
"being counted in this very important election. and what could i do to help people in states that may face some voting issues?
#vote2020 #votebidenharristosaveamerica #voteblue #votebidenharris2020 #votehimout2020 #votingrights #votingrightsact",1
@USER @USER @USER @USER are incompetent to solve our nations problem and or just donâ€™t give a damn about working class. no solutions or policies- deny distract deflect or  stoke division &amp; fear. #voteforbidenharris #voteoutcorruptgop #votebluetosaveamerica vote early!,1
"@USER if she was that popular, she would have been the presidential nominee lol #trump2020 #kamalaharrisisjustnotlikable",0
"@USER @USER a #proudmomofleo worst nightmare! #backtheblue by #prayforleos!ğŸ’™ğŸ™ #stopkillingleos!
#antifaterrorists
#blmterrorists
#kag2020
#maga
#trump2020
#4moreyears
#voteredtosaveamerica2020",0
"@USER @USER @USER @USER omg.
that's definitely for iv.
@USER @USER @USER @USER @USER @USER 
#biden #joebiden",1
@USER youâ€™re right!!!! trump 4 more years!! #trump2020,0
@USER @USER democrats and child-porn seems to go hand in hand. #draintheswamp #rootoutpedophiles,0
"watch ""greg kelly reports - media never give trump credit for anything (8-10-20)"" on youtube - HTTP
#trump2020",0
@USER go to hell @USER #trump2020 ğŸ‡ºğŸ‡¸ğŸ‡ºğŸ‡¸ğŸ‡ºğŸ‡¸,0
@USER but why? she insulted the hell out of him! she almost derailed #biden's candidacy during the primaries with some warped illadvised statements on busing. i'd much rather tracey. #biden2020,1
"""it's a home."" trump, seriously i don't have anywhere safe to live after this. #trumpspeech #rnc2020 #bidenharris2020tosaveamerica #trumpchaos",1
@USER and there goes his chance of being president ğŸ¤£ğŸ¤£ #trump2020,0
"@USER @USER and biden also announced ""his plan"" -- which was exactly what trump had already done months prior!",0
"""all y'all alike.""

- @USER 

#bluewave #biden",1
"@USER  just checking to see when those ""caravans of thugs and isis"" from the 2018 midterm elections are coming 2 destroy our country???

it was propaganda right?

so is your attacks on biden.

#fearmongering 
#trumpisnotwell  
#votebluetosaveamerica 
#bidenharris2020",1
"lğŸ‘€k at this:  stunning stat HTTP
ğŸ˜·ğŸŒŠ#fridayvibes #fridaythoughts #fridaymotivation #fridayfeeling #resistance #resisters #biden2020 #strongertogether #prideğŸ³ï¸â€ğŸŒˆ #follow",1
@USER @USER @USER @USER @USER @USER @USER miss them too! canâ€™t wait until we have more rallies again #trump2020 â¤ï¸ğŸ¥° HTTP,0
@USER he's going down folks #maga #trump2020landslide HTTP,0
nightly sappy tears were not exactly something i expected to have for the past 3 nights watching the dnc... but iâ€™m hella inspired and hopeful for our country (i was beginning to forget what thatâ€™s like) #dnc2020 #bidenharris2020 #votebluetosaveamerica,1
"@USER republicans have supported the trump admin. the trump admin withheld information that could've saved 10x1000s lives. almost 200,000 souls lost. republicans give corps billions &amp; try to shelter corps from lawsuits. republicans are not on the side of good. #voteblue",1
biden's strategy of speaking to camera and trying to rise above it all is the right one - but he really must make it work. trump is a dangerous neo-fascist. give him four more years with the supreme court stacked with arch-conservatives and america will be unrecognisable by 2024.,1
decided to watch the first presidential debate &amp; oh my life.... please vote donald trump out ğŸ¤¦â€â™€ï¸,1
"@USER me too.  i want biden because he has the intelligence and the experience. we need someone who can start on day one fixing the mess trump has made.  all the other candidates dont have his experience, we are in a crisis right now.
#votebluetosaveamerica",1
@USER #thegreatawaking @USER whatâ€™s the deal with the kazarian mafia and jkâ€™s connection along with adelson? i know youâ€™re doing great things but what what expense? #pizzagatelsreal #wwg1wwga #trump2020 #thegreatawakening #draintheswamp,0
"@USER @USER lol quit projecting the democratic sounding points, wake up and think for yourself. you just stated everything the democrats are doing right now; how can you get it so wrong? wow! #trump2020",0
@USER @USER @USER what if i told you trump is controlled by the communist league london? may 2018 to sept. 2020 trump made a lot of aggravating mistakes!!,1
"@USER i have no idea how he didnâ€™t curse out trump. joe is a far stronger person than most people. honestly, that part had nothing to do with policy but showed me how biden would be as president",1
@USER i canâ€™t wait to see that! #trump2020,0
@USER @USER @USER @USER @USER @USER @USER @USER personally iâ€™m glad to see people protecting their fellow mans property and this proves your snowflake agenda of defunding the police is a joke - #trump2020,0
"@USER young voters. we need the support of young voters to help save the earth.  you heard trump say that he got rid of environmental regulations to make cheaper cars.  biden wants to take action to save the earth. please get involved, this is your planet,",1
"@USER @USER @USER ^^^ proof that trump derangement syndrome is real. #tds #orangemanbad #democratshateamerica don't trust democrats. those #metoo hucksters, #blackface hypocrites, and everything' is racist clowns.

democrat ideology is a distraction &amp; self-destructive. #blexit paw patrol #kag HTTP",0
@USER @USER @USER delusional old hag in 8 weeks we choose america and freedom over socialism! #trump2020,0
biden harris 2020 election restore the soul of america usa t-shirt biden harr... HTTP,1
"according to docs reviewed by nytimes, an industry group representing the worldâ€™s largest chemical makers and #fossilfuel companies is lobbying to influence us trade negotiations with #kenya, #africaâ€™s, to reverse its strict limits on plastics.

#biden2020 HTTP",1
@USER fat fake flopper. look like a james harden level flop. #maga #kag,0
@USER never will we forget that's why we won't give biden an inch when he is president.,0
@USER @USER @USER @USER @USER @USER @USER @USER @USER @USER @USER i donâ€™t see this kind of loyalty and support for creepy biden. #trump2020,0
@USER  please follow me back...#maga ğŸ‡ºğŸ‡¸â™¥ï¸ğŸ‡ºğŸ‡¸,0
@USER @USER @USER @USER @USER @USER @USER @USER @USER @USER @USER @USER @USER good morning!  happy friday! following all and rtâ€™d âœ”ï¸ğŸ’™â˜®ï¸. #votebluetosaveamerica,1
@USER @USER people who support trump age terribly,1
absentee ballot and vote by mail are the same thing just like the aca and obamacare are the same damn thing. hope i didnâ€™t just blow your mind. vote. #vote #votebymailearly #votebymail #absenteeballot #savethepostoffice #savethepostalservice #votebymail2020 #votebluetosaveamerica,1
thereâ€™s a reason i didnâ€™t watch the debate last night and itâ€™s because i didnâ€™t want to watch two senile shitbags argue over my future. that being said i will reluctantly and unfortunately be voting for biden #debates2020 HTTP,1
"@USER does this mean hunter and your brother and all biden family ties to global corruption and tax evasion, laundering and sex trafficking will be sorted out?",0
"@USER @USER from what i understand, if biden is elected, we will. if trump is elected he wants to make this windfall a gift. #trump2020 has always kept his promises. #trump2020nowmorethanever #maga #walkaway #trumptrain #follo4follo #kag #freedomofspeech #buildthewall #voteridnow #freedom",0
"iâ€™ve watched my fair share of convention speeches, and bidenâ€™s acceptance speech was easily one of the best iâ€™ve ever seen. same tier as ted kennedyâ€™s â€œdream shall never die.â€ he knocked it out of the park, and did much better that i expected. #dnc2020 #demconvention",1
"â€œpower always thinks it has a great soul and vast views beyond the comprehension of the weak; and that it is doing godâ€™s service when it is violating all his laws.â€ ~
#presidentjohnadams 
( letter to thomas jefferson, february 2nd, 1816 )

#votetrumpout * #votebluetosaveamerica HTTP",1
"biden quips to fox news he decided on vp, campaign says it's a joke.

#joebiden in reality has no idea if his handlers have chosen his vp running mate yet. this is embarrassing. democrats are deranged.

HTTP",0
iâ€™m with james corden on this. response to @USER speech     @USER @USER #ridinwithbiden #fucktrump HTTP,1
unauthorized 'biden-harris' light projected on terminal tower by united steelworkers union ahead of debate HTTP,1
"@USER hay, dummy... no matter who dies in any state, that is on you. this is your country, remember? you are responsible for the good and the bad. new yorks deaths are your deaths, along with the other 160,000+ on top of that. @USER is a far better leader.
#votebluetosaveamerica",1
@USER focus on #gotv efforts. join the biden campaign or a local one and volunteer. so many remote opportunities you can do from your own home. make sure your circle of people is registered and make a plan then encourage others to do the same in their circles. #votebluetosaveamerica,1
"@USER â€œthis is our moment.

this is our mission.â€

#biden2020",1
@USER no third choice. i choose america #dumptrump #bluewave2020,1
unbelievable. if itâ€™s #blm then its okay? but bc it says â€œpolice lives matterâ€ its graffiti and trumps fault â¦@USERâ© #trump2020 HTTP,0
"q100 days. ğŸ‡ºğŸ‡¸ğŸŠ#trump2020 #trump2020landslidevictory  #trumpnowmorethanever2020 

#100daysdemocratswaterloo get this trending!

#trendingtopic 
#trend2020 
#trendnews 
#trendnews HTTP",0
"the #left wants: get rid of the nuclear family and adhere to rigid state controls on every aspect of life

#trump2020",0
"the slight smug smile on biden's face whenever trump talks is giving me so much life. there are things i don't like about biden, but he is not going to take any shit from trump and i love it love it love it. #debates2020",1
"@USER needs to walk in to tonightâ€™s debate and introduce himself as â€œiâ€™m joe biden.  i was born and raised in scranton penn, and i believe in hard honest work.    i too believe in paying my share of my income taxes.â€.",1
"@USER thank you @USER no state in violation of federal law should receive federal funding! dems are trying to steal the #2020elections say no to sanctuary policies, no to draconian lockdowns and no mail in voting!!!! #nomailinvoting #kag2020 #trump2020 HTTP",0
"@USER @USER @USER democrat mayors and governors are allowing the mayhem. biden supports democrat mayors and governors = antifa = blm = terrorists = joe biden's america!!
you lose!!
#trump2020 ğŸ‡ºğŸ‡¸
#wewillwin",0
the #kindness is the point HTTP,1
@USER @USER @USER @USER is communist- lived in russia! @USER supports the anarchists &amp; destroying co to rebuild as socialist. research past news. vote red across the board. @USER @USER @USER @USER #oann #maga #kag2020 #denver #colorado #coloradofires,0
i'll take biden over bloomberg any day. #demdebate,1
@USER #votebluetosaveamerica you all vote,1
@USER just another company chased out by #democrat run state. #culp2020 to save wa. #redwave,0
"@USER like satan made eve believe that he was her friend when he told her to eat the apple from the tree of knowledge, trump, likewise asks us to trust that he has our best interest in mind.  leave the apple on the tree.  #voteblue",1
"report: biden set to announce v.p. pick this week.

action: tell @USER america needs that pick to be @USER.  

#warrenforvp #biden2020 

HTTP",1
"me thinks she's lowballing at 37... ğŸ˜®

#wwg1wga #trump2020 #phonykamalaharris #sleepyjoe #sayhisname HTTP",0
"@USER same. every time i hear our amazing. bad ass, huge hearted president speak, when i see the children he is saving i cry. he is restoring this beautiful country back to the was it was intended to be. he does this for all americans, every color, shape and size. #wwg1wga #trump2020",0
"@USER @USER @USER @USER @USER @USER @USER @USER @USER @USER @USER @USER @USER @USER @USER @USER @USER @USER #trump2020landslide #kag
only you can prevent #democratdefecationapertures
#voteoutalldemocrats
san franciscoâ€™s streets so filthy that infectious disease expert has compared sf to dirtiest slums in world
HTTP

HTTP
rampant crime, homelessness",0
we the people. all the people. #bidenharris2020 #theuprising #dnc2020 HTTP,1
"HTTP
to my 18+ american friends pls make sure ur registered to vote so we can get trump out of office",1
@USER i like joe but kamala would have torn trump apart.  says a lot about our world that sheâ€™s not the one up there debating him.  still i hope for the sake of america that biden wins.,1
"@USER @USER amen
he is like that one friend who will do anything for you but always says something crazy &amp; gets you in a fight. still you can't help but love him!
-god bless donald j. trumpâ€
#trump2020",0
"@USER biden let america know what a chump he was. americans don't want a coward running the show. biden bowed to trump, biden will bow to the entire world. we will be walked all over",0
"he wears a rosary around his wrist in memory of his son, he's not wired you bat shit crazy fools. #bidenwon #joewired #debates2020 HTTP",1
"@USER @USER thank you, mr. president... #americafirst #kag #trump2020 #lawandordernow #teamtrump",0
had to turn down a new apartment since they placed a biden/harris sign out front.  sucks.,0
"@USER a very good friend of mine who's very popular, is a vietnamese immigrant who told me he doesn't know a single asian who will be voting for #joebiden.
he is a great american and absolutely despises all things socialist and communist .",0
"we've had it up to our back teeth with corruption, lawlessness,  rioting, looting, burning, smashing and liberal #democrat incompetence. #trump2020 HTTP",0
"love senator john kennedy!!

even google can't find #joebiden some daysğŸ¤£ğŸ‘!

#tucker",0
"@USER watching you all chase a bunch of misinformation is fun. you are totally unaware of what is happening. your politicians got caught in the worst political scandal ever. and the things you focus your hate on is quite humorous.
#trump2020
#maga
#wwg1wga
the best is yet to come",0
@USER @USER @USER i'm #ridinwithbidenharris and i #vote to #dumptrump #trumpgenocide #trumpgolfsamericansdie #trumpliedamericansdied,1
"#trump2020â€™s middle east achievement 

first israel muslim country peace accord in 3 decades accomplished by @USER not #obama 

#saturdaythoughts #voteredtosaveamerica #promisesmadepromiseskept #donothingdemocrats #votedemsout 

HTTP",0
"1000 boats showed up for the trump boat parade on lake hamilton in hot springs, arkansas today!  #redstate #maga @USER @USER HTTP",0
jacquelyn brittany nominating #joebiden is everything! â¤ï¸,1
@USER @USER @USER @USER how many black people killed black people? the whole raciat narrative is completely blown out of the water when you look at the numbers...but dont let that stop u from looting and arson..#trump2020,0
@USER @USER you missed lgbqt                                       â¤ï¸ğŸ§¡ğŸ’›ğŸ’šğŸ’™ğŸ’œğŸ¤ğŸ–¤ğŸ¤.                   #veteransagainsttrump #werespectourvets #votebluetosaveamerica ğŸ‡ºğŸ‡¸,1
@USER + 4 more years  #maga respect my president HTTP,0
"@USER aww the old parson aman of race to hope people think your not as racist as you truly are!  hahahaha why today why not 3,2,1 years ago ğŸ¤” oh ya #electiontime #donthecon #fakenews #pardon4votes #votebluetosaveamerica #foxnews #fakepresident",1
i stand with trump #trump2020 HTTP,0
@USER @USER @USER i'm not rich and i love him too. #trump2020 #maga,0
@USER @USER @USER i'm voting just not for biden. if my green vote hurts biden that's not my problem as i'm not trying to help biden win. lol it's almost as if you think we have the same goals. HTTP,0
"court says epa erred in blocking agency grantees from serving on its boards HTTP

#impeachtrumpagain #votebluetosaveamerica",1
@USER there is literally no point to this article. it provides no new information and regurgitates useless sound bites and narratives. the memo: the hill got lazy with this one.                                                        #votebidenharris2020 #voteblue2020,1
"@USER @USER racist @USER is the #maga virus that's destroying the country and @USER is the vaccine 

 #votebluetosaveamerica #trumpliesamericansdie 

HTTP",1
looking forward to being in the candidate spotlight with the tennessee democratic party and telling them about our fight to flip the last republican-held senate seat in davidson county! #voteblue2020 #tenleg HTTP,1
"i understand that some democrats might not enjoy it, but i appreciate the gesture of allowing #nevertrump republicans speak to the dnc tonight. we are with you in this mission. thanks for having us. #bidenharris2020",1
"@USER @USER don't be distracted by trump's end stage antics.none of it matters.they are the poisonous lies of a flailing man, facing a failure he can't divorce or file chapter 11 on.we must vote in overwhelming numbers.we must end this failed experiment. 
#consequencesfortrump 
#biden2020",1
"in case anyone is not clear on my commitmentğŸ˜...lol

#bidenharris2020
#demconvention
#d20
#wrightforbiden
#ridinwithbiden 
#mvpharris
#vadems 
#dpvadelegate HTTP",1
"@USER it's time to come to the realization that trump's only interest is his re-election &amp; that trump couldn't care less about anything or anyone else. ""trump will say &amp; do anything"" he thinks will secure his re-election, even endangering other people's lives.
HTTP",1
"my #trumpcult aunt told my mom that celebrities are vampires killing children to drink their blood in order to stay young. 
what in the actual fuck is wrong with these crazies? i told her to lay off the youtube. 

#votebluetosaveamerica",1
@USER @USER @USER @USER @USER @USER @USER @USER @USER @USER @USER @USER thank you ben! letâ€™s see the #bluewave!!!,1
@USER @USER these are the most immature idiot protestors iâ€™ve ever witnessed. they are unbelievably annoying. i hope they keep it up because every time i see this i know they are creating more votes for trump. #maga #trump2020,0
@USER must be another dementia moment. what he ment to say was when @USER whoops his ass in november. heâ€™s going to keep making america great. #trump2020 #maga,0
"@USER @USER @USER @USER @USER @USER @USER nothing has been disproven, only delayed!
do you ever ask yourself, why biden/harris are the candidates?
both were polling badly towards the end of 2019.
news broke on hunter and suddenly it's election interference to investigate?
really!?? ğŸ‘‡ğŸ¤”ğŸ‘‡HTTP",0
"@USER @USER @USER @USER @USER @USER @USER @USER @USER @USER @USER @USER @USER @USER @USER @USER @USER @USER @USER @USER i'm following back at twits desecration! ğŸ˜¡

twitter knows we are strong together. 

#unitednotdivided 
#wwg1wga 
#trump2020nowmorethanever HTTP",0
"@USER iâ€™m sorry but...when was this trumpâ€™s fault...stop watching @USER...he isnâ€™t racist heâ€™s given minorities in this country more jobs then  ever before...the economy is growing now, and since cnn doesnâ€™t tell you this he has made 4.8 million jobs...#trump2020 #stopfakenews",0
"@USER @USER he just met with whitmer who, delivered the dnc response to sotu, is very popular in michigan,  very articulate and ready day 1 for presidency if needed. thinking she may be the sleeper pick and would be a popular one with many for #biden2020",1
"@USER @USER executive orders don't mean anything. trump is a failed leader and possibly a felon. his days in office are coming to an end

#biden2020 #votebluetosaveamerica 

HTTP

HTTP",1
"@USER @USER @USER @USER @USER @USER @USER @USER @USER @USER @USER i like trump because i donÂ´t like wars. du you loke a president who starts wars?
#debates2020",0
"thank you, mr. president, iranians love you, if you continue the project of overthrowing the mullahs, you will become a legend as someone who changed history

#savenavidafkariâ€Œ 
#Ø§Ø¹Ø¯Ø§Ù…_Ù†Ú©Ù†ÛŒØ¯ #Ø¢Ø²Ø§Ø¯Ø´Ø§Ù†_Ú©Ù†ÛŒØ¯
#kingdomwithpahlavi @USER @USER #trump2020 #maga #trump HTTP",0
"what's up party people!?
#trump2020 â¤ğŸ¤ğŸ’™ğŸ‡ºğŸ‡² HTTP",0
maxwell HTTP,1
@USER @USER all but guarantees trumps re-election with a super majority. #maga,0
"@USER get lost.  
trump is a criminal &amp; a traitor.  

when biden has killed over 200k because he failed to lead, or when he has sold out his country to putin, lied &amp; cheated his way into the wh, destroyed america's standing, bribed dictators, lined his own pockets... then you can talk. HTTP",1
"ppl are hoarding tp, hand sanitizer etc. setting up make shift hospitals, quarantines. ny is shut down, curfews, no flights into our country from anywhere basically but, @USER @USER is the existential threat to america. ok. all i gotta say 
#trumppence2020 #demdebate",0
@USER the silent majority must reign!!! we gotta get out &amp; vote!!!! get everyone you know to vote!!!! #trump2020 â¤ ğŸ‡ºğŸ‡¸ğŸ™ğŸ¼ #trumppence2020 #sleepyjoe,0
@USER open america! #democrats governors love lockdowns to keep unemployment high to blame trump to win elections.  they hate america and are destroying america and her people.  #voteredtosaveamerica2020 #trump2020landslide #trump2020,0
"@USER @USER joy needs to stop calling herself a christian. clearly if you fall for the false narratives and support any modern democrat you are no christian. their entire platform is now an extension of vile marxist ideas. they need to be fought, not coddled. bishops be strong. #trump2020",0
"@USER @USER and who brought this all about, eric?!?!? @USER 

cured your #tds yet? #maga #trump2020 HTTP",0
cant wait to watch biden own this debate,1
"@USER @USER bullshit. we knew about the virus in december.

#not_a_democrathoax
no innocent man ever held back documents &amp; witnesses that could clear him.

#resistlyingdonnie
#votebluetosaveamerica
blind patriotism isn't patriotism, just dumb.",1
"all these protest are getting old. seriously, the looting, rioting, and the tearing down of major cities. what are these morons trying to prove? it is justifying the deaths of certain black people. iâ€™m told, â€œthis is what people doâ€... lol... ğŸ¤¦â€â™‚ï¸.... #trump2020",0
"iâ€™m so glad â€œcall the policeâ€ is trending because it truly shows what ğŸ¤¡ğŸ¤¡ğŸ¤¡ you blm/social justice activists are... 

youâ€™ve burned down peoplesâ€™ businesses/livelihoods,looted&amp; killed many people(including black americans-david dorn, italia kelly, dave underwood,etc)
#trump2020",0
"@USER @USER @USER isnâ€™t it funny, they sell on fear that trump wonâ€™t leave office if he loses and yet she wants joe to never concede.  just when you think the left canâ€™t get any more hypocritical they surprise you. #maga2020 #trump2020 #kag2020",0
yâ€™all remember pinky from the ice cube movie â€œnext friday â€œ? the dems were pinky last night and ag barr was craig.   â€œwho sent you?â€... â€œshut up!! say another word!!â€  were they asking questions or did they just love to hear themselves speak?  #trump2020,0
@USER and once again #america is #rejecting you. just go back to #russia or #venezuela they need your leadership. #trump2020,0
"@USER @USER no way! i have it

biden 64

trump 24

joe the mechanic 32
(joe does his own numbers)",1
"â€œwe donâ€™t need a tax code that rewards wealth more than it rewards work.â€
@USER  #dnc

yes",1
@USER @USER @USER lets go south carolina. lindsey going to take your #civilrights #healthcare #votingrights #jobs #votebluedownballot #southcarolina #debates2020,1
"breaking news: trump has named proxies to debate skeepy joe 

#maga #sleepyjoe HTTP",0
lock up @USER not the postal service .. #trumpvotersuppression  #savetheusps #voteblue HTTP,1
"@USER trump/republican will not be messing with the mail. he stated this would happen, and sure enough it is. harris/biden/pelosi/ schumer are the cause of this mess. no surprise!",0
"oh god

don't tell

@USER

#trumpisacompletefailure
#trumpisalaughingstock
#trumpisatraitor
#votebluetosaveamerica
#resist
#portlandstrong

""trumpâ€™s rnc acceptance speech draws less viewers than biden's address""  HTTP",1
ima take a shot every time biden stutters tonight,0
"@USER we can't afford the @USER anymore.

the cost?

150,000 dead.

a wrecked economy.

and so much more...

#bluewave 
#bluewave2020 
#votebluetosaveamerica2020 
#votebluenomatterwho 
#votebluetoendthisnightmare",1
"@USER do you have any idea how full of crap this is? you russia loving traitor! go back to moscow and stay there... 
#biden2020 HTTP",1
@USER wow! assholes do come in all colors and genders!ğŸ¤¨ #trump2020,0
"@USER @USER @USER @USER @USER @USER @USER @USER @USER @USER @USER @USER @USER @USER @USER @USER @USER @USER @USER @USER following several new #patriots! need a follow back from @USER,
@USER, @USER,l
@USER,
@USER, and
@USER. #patriotsunite #trump2020 #wearetrump",0
"just think if some of these people spent as much time working jobs and helping to get america going again as they spend protesting over faux outrage... 

if you can protest, you can vote in person.. 

i said what i said.. 

#trump2020",0
@USER i feel the same! i want to hear biden. but i loathe the sound of trumps voice.,1
"can joe biden and/or bernie sanders please be america's last boomer (adjacent) president?

also, can joe biden and/or bernie sanders please be america's ... president? #votebluenomatterwho",1
@USER but you are going to cut payroll tax and biden had done a reversal over the years. it's about today not yesterday. stock market don't create jobs the stock market don't put food on the table. #votebluetosaveamerica #votebymail2020 #imwithjoe,1
it makes me angry that i'm here across the globe watching this happening and seeing the connections. it's terrifying. and i can't do anything about it. all i can do is begging everyone to vote. vote trump out. please. for our future. for your future.,1
"liberals must think the military is stupid. there has never been a president that loved and respected the military more than trump. ğŸ‡ºğŸ‡¸ ğŸ‡ºğŸ‡² 
#fightback #wwg1gwa #patriotprayer #freekylerittennhouse #godwins #god #trump2020 #vetsfortrump #veterans #woundedwarriors #patriots",0
@USER @USER all in for biden,1
@USER @USER how are you researching votes that haven't been cast yet? #fuckcreepyjoe #trump2020,0
what kind of government wants to spend 2billion building an unnecessary new #fbi bldg during a pandemic instead of pay #unemployment checks for $600. give up? a government run by #superrich #gop members who want to keep u down. if you like this - support #trump. it will continue.,1
@USER full of lies! #dnc no one wants a hussein third term!,0
"hey resisters, starting over again hopefully a lot of you will remember me ........any help would be appreciated ...

i hate trump like its my full time job !!!! 

#vivatheresistance #ridenwithbiden #votebluetosaveamerica",1
fuck donald trump. fuck you fuck you fuck you,1
@USER @USER @USER @USER ğŸ¤£ğŸ¤£ğŸ¤£ you better pack your bags. itâ€™s gonna be a loooooong 4 more years for you snowflakes. #trump2020 #4moreyears HTTP,0
"red wave coming

#redwave2020 #trump2020 

 HTTP",0
@USER no i think the debacle of 2016 was the worst and most corrupt election it was interfered by russia and youâ€™re trying to do it again this year thatâ€™s why you donâ€™t want paper votes because you canâ€™t get into machines. weâ€™re not stupid! no voter suppression #votebluetosaveamerica,1
"@USER @USER elizabeth warren brought a 10 blade to the stage tonight!

she is amazing!

#debatenight #debate #warren #warren2020 #democrats2020 #democraticdebate #senatorwarren @USER #votethemallout2020 #votebluetosaveamerica #votebluetoendthisnightmare #votebluetostoprussiasgop",1
@USER #joebiden you know your suffering from #dementia that's why you can't spell or talk you just slur .ğŸ‘‡ welcome to your new and approved mental ward .ğŸ‘‡ HTTP,0
@USER @USER @USER iâ€™m really embarrassed for @USER â€˜s comments....zero facts........zero research....100% emotion.  thatâ€™s how you respond to a serious issue?  go vote for your sleepy joe.   #trump2020,0
@USER @USER do you think he wears silk underpants?  #votebluenomatterwho,1
"3/ so why did this happen? easy- #trumpisanidiot and #trumpisacompletefailure . this should be a lesson to #america . @USER can't be trusted to actually lead, let alone be a ""wartime president"". 

he can't be trusted with our country, so #votebluetosaveamerica !",1
@USER @USER democrats just want defund the police and to leave the cities under control of vandals and criminals. #blm #trump #trump2020 #maga #kag2020 #fourmoreyears #maga2020,0
mementos of my years of campaigning for the democrats. regret every minute spent. #walkaway #bidenriots #trump2020 HTTP,0
"biden acceptance speech at dnc: 24.6 million viewers

trump acceptance speech at rnc: 21.6 million viewers.

to trump, ""ratings"" are everything. he lost.
he will lose again in november when we the people vote him out.

#votebluetosaveamerica HTTP",1
ğŸ™ŒğŸ‰ biden picks california senator kamala harris as his running mate | #votethemout #voteblue #saveamerica #traitortrump #treasonoustrump #putinspuppet #trumputin  HTTP,1
if one of those police officers shot by the antifa/blm thugs dies... the thug should be given the death penalty and broadcast the execution on tv so these antifa/blm thugs learn not to fk with the police. #fuckblm #fuckantifa #bluelivesmatter #trump2020,0
"patriots, help! i only need 99,999,740 followers to reach 100 million and get that ugly ass ruby plaque! #trump2020 #trumptrain #patriots #murica #usa HTTP",0
"@USER thatâ€™s what you will get if you vote democrat, god will be removed from everything, you will be arrested for not wearing a mask and there will be no police it will be chaos everywhere!! mr president you have to win or we are in big trouble! #trump2020 
#trump2020landslide",0
@USER fâ€”k off mccarthy! #bidenharris2020landslide #bidenharris2020 #kamalaharrisvp #trumppressconference #gopcorruptionovercountry #gop #buildbackbetter,1
"i'm latino &amp; i support president trump &amp; will again vote for him on november 3rd, 2020! #trump2020 #rncconvention2020",0
@USER @USER this is happening #intrumpsamerica #votebluetosaveamerica,1
"@USER @USER after that performance, trump really can't afford to be in another debate. by allowing trump to continually interject, biden successfully showed trump can't speak coherently, follow a train of thought and lies incessantly. well done joe biden, you're a champion!!!",1
".@USER own organizers have threatened violence and shot a baseball field full of republicans, but president trump is the problem? #demdebate",0
@USER issa like they lie. the best part is the us citizens have had 3 months to see them refuse to acknowledge it. they think most people are dumb. #freedom #gottavotetrump #trump2020,0
@USER not at all surprised biden still uses wired headphones,0
13 of #biden's former rivals to appear together at democratic convention HTTP,1
â€œthere are a number of women who are qualified to be president tomorrow.â€ joe biden has committed to picking a woman to be his vp. and weâ€™re guessing the woman he ends up choosing is on our veep slate...  #democraticdebate HTTP,1
"@USER you are a tool in the truest sense.

#trump2020 #kag",0
@USER @USER @USER @USER will biden ask for a break if meeting with foreign leaders?,0
"actress and comedian #julialouisdreyfus  moderated the final night, firing off a string of one-liners and lightening the earnest tone of the #democraticconvention  to nominate #joebiden  for the white house.
HTTP",1
great speech! i am pumped! #voteblue2020,1
@USER @USER nope thatâ€™s their strategy to ruin our country! #trump2020,0
"@USER this is a fake, doctored by the right wing!! you are being duped by your own party, just look at it closely for the words to match up with her speaking!! #votebluetosaveamerica @USER #america",1
"@USER you couldn't even get through a brief opening speech without lying and being a giant downer.

#trumpislosing 
#trumpthreatensamerica 
#dumptrump 
#votebluetosaveamerica 
#bidenharrislandslide2020",1
@USER you gotta love hypocrites!!!! #trump2020 #maga2020 #democratsaredestroyingamerica #byerosie HTTP,0
@USER @USER #trump2020! we have to get these fortniters kids on the right way of america!,0
"no f'n way!
HTTP
#covid19 
#coronavirus 
#votebidenharristosaveamerica 
#votetrumpout 
#votebluetosaveamerica",1
"@USER @USER @USER @USER @USER @USER wrong. trump stood up there, just like in the past, &amp; claimed ignorance in knowing who any of t/various racist groups, like the proud boys (i could care less that some faction has a latino leader, so stfu), are...t/dog whistle of, 'stand by' was as clear as day...#trumpisaracist",1
this reminds me so hard why i loved biden as vp.  #demconvention,1
"@USER i think it was a wash. trump was not allowed to finish answering questions or respond to biden's falsehoods while biden was allowed to prate on with falsehoods, lies, deflection and avoidance. wallace blew it. #presidentialdebate #debate2020 #debate #trump2020  #maga",0
@USER this world is going to sh***t real quick.. #blmterrorists #trump2020 homie,0
@USER stop it @USER    we all know what your trying to do or say!   #trump2020  everyone i talk to in chicago is voting for trump.  paint this city red!,0
"and when he ups the energy, biden just sounds angry, not an inspiring angry. #demdebate",0
@USER love you mr. president! keep doing the great work that you are doing! #trump2020,0
"@USER i see alot of accused accused accused and not heres some facts facts facts....

#trump2020",0
"@USER if you havenâ€™t decided who your voting for on nov.3rd then you ainâ€™t living in #america
#magaforallbutdemocrats
#maga",0
"white silence is violence, potatoes are tomatoes, and other stuff i learned at college for $250k

#trump2020 #sleepyjoe 

HTTP",0
"we need immediate results.
but biden thinks we should allow businesses to sit around figuring out whatâ€™s the most profitable way for them to produce and distribute tests and vaccines. is that the best way to take care of people?
no.
#democraticdebate
#demdebate
#coronapocolypse",0
"@USER taken us to the edge of bankruptcy - physically, emotionally, mentally, morally, ethically, monetarily, nationally, patriotically......

i shudder to think of what might be the final push that sends over the edge. 

#votebluetosaveamerica #votetrumpout",1
"@USER silence will be no more come 
november 3, 2020, the outcome will speak volumes #silentmajorityrising #trump2020  wisdom over fear ğŸ’ªğŸ¼",0
"2023 social security under trump will end.....
#votebluetosaveamerica",1
"biden put on a good show of being ""presidential"" in his response to #covidãƒ¼19, but only bernie has a real plan to address the deep systemic crisis the outbreak exposed.

HTTP
  
#demdebate",1
"@USER @USER biden's ""...living will."" no truer words. ğŸ˜‚ well written statement. #kag #americafirst #trump2020 @USER @USER @USER",0
"important information for us voters. how to vote in the #2020election. #votefordemocracy #getoutthevote #vote #howtovote #registertovote now. #bidenharris2020 

HTTP",1
"vote early. return in person.
#votebluetosaveamerica HTTP",1
@USER joe biden merely quoted the trump-appointee fbi director.  you shouldnâ€™t forget that trump told a white supremacist group to stand by on national television.,1
"@USER have the debates on a stage, on top of a ramp, and make sure they each drink a glass of water first. person man woman vote #biden2020",1
yeah trumps going to win because biden sucks. he didnt even answer the covid question he just attacked trump. #debates2020,0
"@USER he's still your president 
#trump2020",0
"@USER biden was so brilliant, trump conceded on live tv",1
"donald trump is a fucking demon and the antichrist.

#votetrumpout2020 #votebluetoendthisnightmare #votebluetosaveamerica #votebluenomatterwho #votebiden2020 #votebiden #onetermtrump #nevertrump #fdt #savethepostoffice #savedemocracy #savediversity #saveamerica #savethecountry",1
yaâ€™ll! ğŸ¤£ğŸ’€ #nancyblowout .@USER i know you want to rt this but thatâ€™s usually what gets u in trouble ğŸ˜‰ #trump2020 HTTP,0
"well, hell, biden nailed it. really moving speech. #voteblue",1
"@USER where is your mask, sheep? you actually believe that pres trump is trying to sabotage the postal service? every hoax that you and your partisan party has been completely destroyed. grasping at straws. thank god that the rest of the country is smarter than you jennifer. #trump2020",0
"much better to spend our time on creativity &amp; vote in october (make sure it gets there on time) #amwriting #writingcommunity #voteblue2020 

opinion | donâ€™t want to watch the rnc? youâ€™re in good company. HTTP",1
@USER basically nullified the whole #joebiden press conference!!! #fridayfeeling,0
"how old were you when you realized that â€œdammit iâ€™m madâ€ spelled backwards is â€œdammit iâ€™m madâ€?

#biden2020 

#votebluetosaveamerica HTTP",1
"@USER division weakens up
we need to be united
we won't survive another 4 years of trump

#americaortrump 
#votebluetosaveamerica HTTP",1
@USER @USER @USER lol the world is literally going to watch joe biden shit himself on stage tonight. his brain canâ€™t even handle a fucking staged interview ???,0
"i missed ann dornâ€™s speech earlier, so i searched it on youtube and now i cannot stop crying. #anndorn #ripdaviddorn #dorn #trump #maga #maga2020 #trump2020",0
"@USER yeah it's wishful thinking.

but it's astounding repubs have allowed the very core of their party to be defiled like this.

you'd think some of them would speak out.
#votebluetosaveamerica HTTP",1
"@USER @USER yes
yes 
yes 
he is my presidentğŸ‡ºğŸ‡¸ğŸ’ğŸ‡ºğŸ‡¸ğŸ’ğŸ‡ºğŸ‡¸
#trump2020 
#iranianslovetrump
#iranianfortrump 
#makeamericagreatagain HTTP",0
"trump likes to attack biden's family so people don't focus on the main question.
trump likes to interrupt, to waste time on important subjects.
trump supports the kkk and racist practices.
trump talks about his power and support more than the issues at hand.",1
"@USER @USER the sc is there to protect and serve americans, not just conservatives. #timetogo #voteblue #votebluenomatterwho #votebluetoendthisnightmare",1
"#voteblue2020     #getregisteredtoday

these gop senators are in deep trouble HTTP",1
"just read a few d/sleepy j supporting threads. what a bunch of ill informed, ignorant, hateful people. d's do not understand govt, $, or reality. #wwg1wga #truthseeker #trump2020",0
"@USER @USER @USER yes, it real easy based on the democrat platform of nonsense and move towards socialism at best, more likely communism. but i still donâ€™t like the debate style last night from trump. he losses on demeanor and wins on policy. he should let biden talk - it actually helps trump.",0
iâ€™m voting for joe biden. please vote. your vote counts. #presidentialdebate #debate2020 #joebiden #biden2020,1
the â€œtrump 2020â€ fireworks must be very triggering to the protesters outside ğŸ˜‚ğŸ‡ºğŸ‡¸ #rnc2020,0
@USER you have no idea what youâ€™re talking about when it comes to politics!!! #trump2020,0
"@USER if, only he would have fallen, that would have epic!#endthenightmare #biden2020 #bidenharris2020 #bluewave2020 #evicttrump #theresistance",1
isn't it amazing that joe biden hides out in his basement while msm does all his dirty work &amp; propaganda for him? they report everything negative on trump &amp; report absolutely nothing controversial pertaining to biden &amp; cover up for him. msm is a big threat for election meddling!,0
"@USER curry breath -not- #racist...

everybody #block &amp; #report @USER #trollhunters  

@USER 
#anonymous former us military on the #trumptrain #trumptrain2020
#nojusticenopeace",0
@USER #antifa anarchists worldwide #blm hijacked by #marxists #ccp #democratruncities democrats refusing to denounce this criminal activity the #democrat party is a criminal party supports our enemies at home and abroad  #media propaganda arm of the radical dems,0
"@USER call to action to ban all liberals who would speak against you! #fakenews at it's finest. these videos should be banned from the entire internet.
#maga #maga2020
HTTP",0
"@USER in our home, we call him the #idiotinchief, although he is not really a chief or a #leader. 

#vote @USER out on #november3rd by supporting @USER for #president! it is time for change in the #unitedstates.

#votethegopout #votebluetosaveamerica #votebiden",1
"@USER she disowns corpus christi, texas as her hometown to gain popularity in the begin of her career and lists instead, san antonio, texas as being where she grew up!! nope! try again eva. you have sold out again! #trump2020",0
"@USER @USER @USER @USER @USER stay true vote blue.
until trump is through.
itâ€™s what we have to do.
weâ€™re going to start a new.
the dangers all along
trump knew.",1
"@USER @USER as long as the republicans are pulling all the stops out on voter suppression i don't care what the polls are saying.
#voteblue2020 needs to be #toobigtorig",1
"republicans-trump fooled you in 2016. that's on him. but in 2020, it's on you! he's a disdaster. it's time to give trump and the other incompetents the boot. let's improve things. #bidenharris2020 #vote #trumpvirus #trump2020landslide #donaldtrump #gopconvention #americafirst HTTP",1
@USER omg this fool cant even speak let alone know wtf he talking bout .. ğŸ™„ğŸ™„#trump2020,0
@USER i really hope the president stays on course and lets biden just wander off into the woods or something,0
@USER i believe you!! i can't wait!!! #biden2020,1
@USER @USER as @USER sits behind her keyboard in her mansion throwing stones. @USER would love to hear your thoughts #trump2020 ğŸ‡ºğŸ‡¸ğŸ‡ºğŸ‡¸ğŸ‡ºğŸ‡¸,0
@USER @USER unfortunately it's so. #dumptrump #votebluetosaveamerica #votebluetoendthisnightmare #votebluetostoprussiasgop,1
@USER @USER @USER @USER @USER @USER @USER @USER @USER @USER @USER @USER @USER @USER @USER @USER @USER @USER @USER @USER had enough? #votebluetosaveamerica,1
@USER @USER i don't know - it's all about the seriousness of the charge. i think biden would welcome the chance to show trump and his team for the fools they are and get this inspection out of the way.,1
"@USER i love this! love seeing the actual states as they cast their votes.
 and, yes, i'm, undoubtedly going to get a little emotional when delaware comes back to put #joebiden over the top.",1
"a very powerful performance by #billieeilish at the #dnc2020... gee #patriots not really sure how we can top that, or the satanic logo, or endless violence...

guess we might as well hang up our #maga2020 hats and call it a night

#sarcasm #trump2020landslide #trump #civilwar2 HTTP",0
@USER might tell pedophile joe they since he separated â€œwonen@ and â€œblack womenâ€ in his ridiculous speech the other night. #trump2020landslide #maga,0
bidenâ€™s gotta bring that daddyâ€™s home energy,1
@USER thatâ€™s my president!! way better than this awful poor excuse of a man. !! make america great again !! again!! #trump2020 HTTP,0
"#trump2020 #maga
stay the fuck away from the riots. lefty terrorists will kill you, the media will justify and scapegoat you for 'escalating', and twitter will dance on your grave. 
practice self-defense but do not willingly go to these places.",0
bidenâ€™s tie looks like something iâ€™d wear to my scene kid 6th grade party,0
@USER here comes the hate rd! thank you for your support of @USER! #trump2020,0
"me running outside the day after #november3rd when we can put this experiment behind us. 

#votebluetosaveamerica HTTP",1
"if biden-harris doesn't put andrew yang on transition team and then cabinet (labor), they are wasting a major thinker. #transitionteam #biden2020 #andrewyang HTTP",1
"@USER @USER @USER you hit the bullseye.

""changing trump for biden is the same as shitting in your pants and changing your shirt""

revolution is what we need! we need to change the system.

@USER 

#notrump 
#nobiden 
#neverbiden 
#nevertrump",0
"@USER as much as i wanna say what i wanna say about you, i won't. i'm not going to twitter jail for calling you out for exactly who and what you are. #votebluetosaveamerica #votebluetoendthisnightmare #bidenharris2020 #bidenharris2020landslide #bidenharris #kamala #biden",1
@USER so many people are blinded by their hatred for @USER because of the fake news and schemers they will never realize he might actual be the answer to our problems. just let the man work! #trump2020 #trumpunleashed HTTP,0
"not one comment on @USER â€˜s cognitive decline.
not one comment on biden threatening a voter last week.
how are these not even worth a mention? #democraticdebate",0
"showing joe biden with kids is not a good look lmfao ğŸ¤£

#dnc2020",0
"@USER in contrast, i think president trump is much better.  the republican right must lead the united states in order for the united states to prevail.  there will be the return of traditional values.  trump will win.",0
"the democrats and @USER believe in the power of the government.  

the #gop and @USER believe in the power of the american people.

#maga #gopconvention2020",0
"@USER he pulled a stunt, but your still a c**t ğŸ˜ .. shes literally gonna give a whole new meaning to #orangeisthenewblack and i can't freeking wait ğŸ‘ #trump2020",0
"@USER @USER @USER @USER they have enough info to convince republicans, they just donâ€™t care

#votebluetosaveamerica 
#protectourdemocracy",1
"if you vote biden, you donâ€™t care about freedom. #ownit #democrat #republican",0
"@USER stop it.  you know darn well most of those people died because of #democrat governors &amp; nursing homes. and so many had other health issues, states padded the numbers for cash.
put a lid on it #creepyjoebiden you disgust me.",0
@USER @USER president trump will go down in history as the best president ever! #kag thank you president trump!,0
@USER preach it sister! i am so tired of white liberals thinking they know whatâ€™s best for our black communities. the amount of hateful slurs used against me simply for supporting trump shows that they care about black votes not black lives. sick of them. #blacksfortrump #maga ğŸ‡ºğŸ‡¸ğŸ’ªğŸ¿,0
"@USER hey dems
would you attend a democratic ""unify to win""
#votebluenomatterwho
rally in d.c.

 #unifytowin  #votebluetosaveamerica",1
"@USER respect you but to call biden a decent human being is disingenuous. he lies as easily as trump: lied about not wanting to cut ss, existence of wmd, opposing iraq war. he will veto m4a despite a pandemic. he rolled back bankruptcy protections that created the student debt crisis.",0
"india is the oldest democracy...that's part of my background': kamala harris says roots shaped her 

as #joebiden picks #kamalaharris as vice-presidential running mate

HTTP
#bidenharris #biden2020",1
@USER @USER @USER @USER @USER @USER @USER is this a mel brooks movie promo? say it with me slowly to understand how ridiculous sp...ace..ca....mo .. is that an oxymoron like this choice is amazingly awful to fight the dark light? wtf just keep making us laughing stock of world..#votebluetosaveamerica,1
"@USER what a joke! with the nation virtually evenly divided, every vote - real or fake or lost, counts more than ever.  #fightvoterfraud #voterfraud #trump2020 have real talks with people and bring them across the aisle. @USER",0
the republican party is racist and soulless. just ask this veteran gop strategist. HTTP,1
@USER @USER @USER @USER @USER same people who rail against @USER at a podium without a mask. hypocrites!! #trump2020,0
"love is more powerful than hate, hope is more powerful than fear and light is more powerful than dark-joe biden. #demconvention",1
"@USER @USER @USER @USER @USER #deplorables as @USER correctly told america

wakeup #voteredtosaveamerica2020&amp; #movehimout #trumpisbroke #trumpisnotabillionaire #trumptaxes #trumpfascist #trumpcoupplot #trumpracist #trumpresignnow #trumpcrimefamilyforprison~nothing #maga about trump=#voteblue2020",1
"kamala harris has become the first black woman and the first woman of asian descent to be appointed as the vice-president candidate.

read more: HTTP

#joebiden #uselections #blackwomen #whitehouse #opoyi",1
"anyone left wondering â€œwhat am i watchingâ€ğŸ˜³ğŸ¤”, when tuning into the #rnc2020? in spite of covid, i still felt like the #dnc2020 kept with tradition and it seemed like a convention with energy and hope for the future. there is no â€œenergyâ€ with the rnc. #bidenharris #election2020",1
just cause donald trump is awesome #trump2020 ğŸ‡ºğŸ‡¸ HTTP,0
@USER happy labor day to you and your family. thank you. ğŸ‡ºğŸ‡¸ğŸ‡ºğŸ‡¸ğŸ‡ºğŸ‡¸#happylaborday #laborday #trump2020 #fourmoreyears,0
"@USER joe biden is a scared little baby.  what a #chicken

what happens when he needs to have a conversation w/ a world leader?  will he run an cry?

what a loser.  democrats are losers for picking him.

#biden2020 #biden2020tosaveamerica",0
"@USER @USER people from new york were crying out for people in other states to listen. nobody wanted to listen to ny libs. 125,000 americsms are now dead. maybe now, us voters have enough proof that we were right about trump, his family, and the complicit @USER? #votebluetosaveamerica",1
"@USER any shiney fluorescent things, please and thank you in advance... picturing these destructive assholes wearing thiscoolasfuckshit ğŸ¤£ğŸ¥°ğŸ™ğŸ¼ 
#riplefteye  #alllivesmattter #fullmoon 
#2020vision #saveourchildren #saveyourselves #trump2020 
#godwins ğŸ™ğŸ¼ HTTP",0
@USER maybe we should nominate her for president because the ones we have fall way short! #shegotitright #jayapal #dncplatform #joebiden,1
"@USER @USER #votebidenharris2020 

#enjoy the upbeat bluesy short  (1:36) pro-biden ditty - â€œkamala and joeâ€ - thatâ€™s getting raves. #share. 

#followblueback

#voteblue

HTTP",1
team biden,1
@USER new account. please follow us if you support president trump ğŸ™ğŸ»ğŸ‡ºğŸ‡¸ğŸ‡ºğŸ‡¸ #maga #trump2020,0
"@USER rich rapists want to be sure they can still hide among the #dnc, so they are looking forward to receiving that confirmation. the dnc canâ€™t wait to assure rapists that yes, not only are rapists welcome in the dnc, but rapists will always succeed have the utmost respect in the dnc.",0
@USER they will do anything and everything to try and get rid of you.  we know the truth.  everyone knows the truth. #trump2020 #foxnewssucks,0
"equity vs equality

let's stop talking about who gets what for free.

let's remove barriers.

#voteblue #blacklivesmatter #dotherightthing 
#justiceforall #educationforall #healthcareforall 
#opportunities #buildbackbetter HTTP",1
"@USER if trump wins in november, he'll continue to blame barack obama, hillary clinton, nancy pelosi, &amp; chuck schumer for all of the mistakes he &amp; the gop made in his first term.

it will get worse, not better.

#votebiden #votebluetosaveamerica",1
"kamala harris describes moment she got the call from biden 
#kamalaharrisvp
#bidenharris2020
#votebluetosaveamerica ğŸ‡ºğŸ‡¸ğŸ—³ğŸ—½ğŸŒŠ
HTTP",1
@USER @USER can not blame trump for the deaths. he took advice from doctors. do not forget he closed the us to  china from coming in jan 31. biden said it was xenophobic (that is on the record). pelosi went to chinatown and said trump was racist. deblasio also said he was racist. just own it,0
"with the selection of @USER, @USER continues to surround himself with powerful women @USER @USER @USER @USER @USER. excited for the policy possibilities this leadership opens up, from #paidleave to #brainhealthequity. #bidenvp #biden2020 HTTP",1
@USER your still talking about trump? get over it sonnyboy heâ€™s going to win again. #trump2020,0
"@USER we will...thank you for checking
#biden2020 ğŸ‘ğŸ‘ğŸ‘ğŸ‘",1
@USER exactly @USER !!! we all must vote in person for .@USER @USER @USER #trump2020 #maga @USER #kag #trump,0
