Target,text,label
Legalization of Abortion,"If 'tis not human beings in the womb, how do we harvest and transplant their organs onto human beings? #SemST",0
Legalization of Abortion,pro-life? no you're more pro-birth then after that the baby can support itself!!! #makesnosense #prowomen #SemST,1
Legalization of Abortion,Children are the greatest blessing which God has bestowed on man and woman. -Pope Francis #SemST,0
Legalization of Abortion,I just want to sit in a corner and cry. I wish I was a thicker-skinned feminist but this shit is personal! #MyBodyMyRights #SemST,1
Legalization of Abortion,Ok now how about we handle up on something just a little more important.....like MURDER #SemST,0
Legalization of Abortion,You sponsored the religious freedom bill. What is this bill that allows killing full term babies in NY? #tcot #SemST,0
Legalization of Abortion,I doubt she was clothed with anything when that pregnancy occurred. #SemST,0
Legalization of Abortion,"Complications come with all types of medical procedures, doesn't mean procedure itself should be banned. #DealWithIt #SemST",1
Legalization of Abortion,Since 1973 the USA has killed (via abortion) over 5 times the number of ppl Hitler is considered responsible for killing #SemST,0
Legalization of Abortion,"In the aim for equality we have forgotten the most innocent, the smallest, the most precious among us. The unborn. #catholic #SemST",0
Legalization of Abortion,I'm totally cool with this image. Was the fetus unviable? Health at risk? #SemST,0
Legalization of Abortion,Before we go looking for #life on other #planets we should #stop #killing life on this one. #prolifeyouth #prolifegen #SemST,0
Legalization of Abortion,"If the fetus isn't inside you, than shut up love #SemST",1
Legalization of Abortion,I hope you all either enjoy the rugby or enjoy not enjoying the rugby #SemST,0
Legalization of Abortion,The unborn also have rights #defendthe8th #SemST,0
Legalization of Abortion,I am about to deck these 2 bitches in the fucking mouth. #1A #2A #NRA #COS #CCOT #TGDN #PJNET #WAKEUPAMERICA #SemST,0
Legalization of Abortion,"You have a #God given right to #live. And of all places, inside your #mother. -Phil Robertsonyouthgen #SemST",0
Legalization of Abortion,Don't you mean to say (all children deserve the same chances) except the UNBORN CHILDREN? #SemST,0
Legalization of Abortion,What about the equal rights of unborn humans in which about 1% could grow up to be LGBT? #LoveWins #SemST,0
Legalization of Abortion,Good point but Our heart starts beating 22 days after conception we are alive at conception. #SemST,0
Legalization of Abortion,#SCOTUS says they support equality for all. Well what about equality for the unborn? #SemST,0
Legalization of Abortion,The day that love will truly win is the day that the injustice known as abortion is abolished. #AllLivesMatter #SemST,0
Legalization of Abortion,No Such Thing As An Unforced #ProlifeYouth #SemST,0
Legalization of Abortion,Before I formed you in the #womb I knew you. #prolifegen #prolifeyouth #God #SemST,0
Legalization of Abortion,we discussed how Business calculates risk factors. Drew was attacking #SpaceX inferring life is at risk. I invoked #SemST,0
Legalization of Abortion,Anti choice laws only effect women. People don't care about things that don't effect men #SemST,1
Legalization of Abortion,Pro-Choice is meaningless. Say what you mean. You stand for the right to choose to kill. #SemST,0
Legalization of Abortion,"Thanks for gently spoken truth, ! How DO we as a nation ""protect the innocent""? #TheFive #CCOT #DNC #RNC #SemST",0
Legalization of Abortion,Please join us as we pray to end the global holocaust of abortion! #SemST,0
Legalization of Abortion,Don't get pregnant! Make sure you don't get pregnant if you'd just kill your child if you do! #SemST,0
Legalization of Abortion,When you bring up the 50 million black babies aborted in the past 30 years people get offended... #SemST,0
Legalization of Abortion,It's time to end the #deathpenalty in the United States. #wholelife #SemST,0
Legalization of Abortion,Are the same people who are red faced and frothing over abortion also against the death penalty? Just wondering... #deathpenalty #SemST,1
Legalization of Abortion,U know what isn't funny? Male politicians deciding what women should do with their body's. #SemST,1
Legalization of Abortion,It's undeniable that conception may also be the birth of a soul unto life itself. Why mess with that? #SemST,0
Legalization of Abortion,Since #roevwade 1/3 of my #generation has been #aborted. Where were their #rights?youthgen #SemST,0
Legalization of Abortion,...anything that destroys God's gift of motherhood destroys His most precious gift to women #motherteresa #SemST,0
Legalization of Abortion,Like the govt. is literally taking away your right to live your own life by defunding right now #SemST,1
Legalization of Abortion,If my body is the only way you can live and I don't want that I have the right to dismiss you. I don't know why that's a problem #SemST,1
Legalization of Abortion,"If abortion is not wrong, then nothing is wrong. Powerful words from Blessed Mother Teresa. #SemST",0
Legalization of Abortion,Good thing I don't live in Kingston woulda started a riot by now with this 'pro-life' protest #SemST,1
Legalization of Abortion,"True equality"" allows all to be born. #SemST",0
Legalization of Abortion,Hey Megan--a baby's heart starts beating at 21 days after conception. No time is the right time to end its life!! #kellyfile #SemST,0
Legalization of Abortion,"Every sperm is apparently sacred, and entitled to use of someone's body. #rapeculture #worstargumentever #SemST",1
Legalization of Abortion,I don't think I have a right to use someone else's body without consent. Do you? #rapeculture #SemST,1
Legalization of Abortion,Abortion is not contraception. Contraception is about preventing pregnancy. Abortion is terminating a life. #CCOT #SemST,0
Legalization of Abortion,#Florida AttorneyGeneralBondi files appeal after Judge grants ACLU request to temporarily halt new law requiring 24hr wait before #SemST,0
Legalization of Abortion,We are people who believe every child is entitled to life and liberty.... -@BarackObama Yet abortion is still legal. #SemST,0
Legalization of Abortion,Love Wins? No it didn't. Love won't truly win until there is an end to abortion. Unborn babies deserve love too. #SemST,0
Legalization of Abortion,The Constitution of Kenya 2010 is clear that abortion on demand is illegal. #FIDA #SemST,0
Legalization of Abortion,My wife had an abortion when she was young She regrets it to this day #SemST,0
Legalization of Abortion,"Damn, interesting news when you find out you were almost a product of abortion #SemST",0
Legalization of Abortion,it's ironic that ppl will perform lifesaving therapies on animals to preserve their lives-but have staunch views in favor of #SemST,0
Legalization of Abortion,"Unjustified homicide should ALWAYS be illegal, including #ProlifeYouth #SemST",0
Legalization of Abortion,I am just as much a feminist as any pro-choicer. I simply carry my beliefs to their logical conclusion. #faminism #YesAllWomen #SemST,0
Legalization of Abortion,"Woman's Heartbreaking Letter to Father of Baby She Aborted: ""I'm So Very Sorry - LifeNews. Please pray for the men hurt by abortion #SemST",0
Legalization of Abortion,God is the author of life and nobody has the right to take it. #SemST,0
Legalization of Abortion,we do care about the hurt inflicted upon preborn children through #abortion. #TruthTour #Ottawa #SemST,0
Legalization of Abortion,"Why would I want to make choices about my own body, when a congressman could do it for me? #ConversationsWithAlex #SemST",0
Legalization of Abortion,I will visit PEI when all women can get a lawful medical abortion on the island. #Cdnpoli #peipoli #womensrights #SemST,1
Legalization of Abortion,"Messed up: Being outraged that it's legal to distribute images of abortion, but being fine with abortion being legal. #No2Trudeau #SemST",0
Legalization of Abortion,Forced reproduction is a human rights violation. #feminism #abortionrights #SemST,1
Legalization of Abortion,"Dear to who it may concern;""YOU stand up for my right to live. #Baby #murder #RightToLife #unborn #womensrights #legal #SemST",0
Legalization of Abortion,"Lord Jesus,Touch my life with your saving power, heal and restore me to fullnessof life. #SemST",0
Legalization of Abortion,"Abortion does not make you un-pregnant, it makes you the mother of a dead child.isright #SemST",0
Legalization of Abortion,My teacher today basically said that embroyo's are nothing but skin + blood & that abortion was fine. #smartlady #SemST,1
Legalization of Abortion,The government has given no explanation of why the law was changed #macedonia #HRCtte #SemST,0
Legalization of Abortion,Good reminder that over 57 million children have never been granted the opportunity to share the air we breath. #Equality #SemST,0
Legalization of Abortion,Pro-choice is pro-murder couched in liberal rhetoric. #SemST,0
Legalization of Abortion,"I feel the greatest destroyer of peace today is 'Abortion',... Mother Teresa #SemST",0
Legalization of Abortion,Pretend I'm a #tree and #save me. -babies everywhereyouthgen #SemST,0
Legalization of Abortion,"We say God bless America but we kill 4,000 babies a year. #SemST",0
Legalization of Abortion,Societies that put to death the weak and vulnerable are more violent. #Nazis #streetgangs #Communists #AssistedSuicide #SemST,0
Legalization of Abortion,And gov't $ should never go to the largest corporation that murders little babies. Defund #SemST,0
Legalization of Abortion,it was her choice Mark! #profeminist #SemST,1
Legalization of Abortion,A #person's value is not determined by his #size. #prolifegen #prolifeyouth #SemST,0
Legalization of Abortion,The sanctity of human life is not a woman's issue. #antifeminism #SemST,0
Legalization of Abortion,"#ProLifeYouth have no chill, and we're dang proud of it. Human rights injustices should never be treated lightly. #prolifegen #SemST",0
Legalization of Abortion,Thanks Kudos to for caring about the safety of unborn children #auspol #SemST,0
Legalization of Abortion,You support #abortion? Never had an abortion? You'll still have to give account to your Creator for the taking of innocent life. #SemST,0
Legalization of Abortion,"#Hillary, Here's one Christian whose religion views will never ""adapt"" to include abortion. Abortion is murder. #SemST",0
Legalization of Abortion,MT Senate vote on SC Pain-Capable Unborn Child Protection Act could come as early as Wed. Contact your senators! #SemST,0
Legalization of Abortion,Consenting to sex is not consenting to being pregnant!!! Like!!! No!!!! #SemST,1
Legalization of Abortion,"And I explained that they are in the keep your baby business, as they helped me get Medicaid and WIC. #SemST",0
Legalization of Abortion,"Actually, child-murder is far worse these days. We live in more savage times. #SemST",0
Legalization of Abortion,"When Declaration of Independence was adopted, abortion was illegal in all 13 colonies. #txlege #SemST",0
Legalization of Abortion,Can we get a law for the little ones who can't even speak for themselves? #ProLifeYouth #EVERYLIFEMATTERS #gay #straight #baby #SemST,0
Legalization of Abortion,"We all have a duty to protect the sanctity of life...from the first cell division, to the last. #ProtectLife #pjnet #ctot #ccot #SemST",0
Legalization of Abortion,They know what's best for their health They know what's best for their happiness They know what's best for their well being.. #SemST,1
Legalization of Abortion,Now we just need to give women everywhere their rightful choice #SemST,1
Legalization of Abortion,12. something you hate. People who don't believe abortion should be kept safe and sterile. #SemST,1
Legalization of Abortion,Why are we all here? Because all of our mothers granted us the gift of life and did not abort us. All life has value. #ProLifeYouth #SemST,0
Legalization of Abortion,"During an abortion, something alive must become dead to be considered a successful abortion... #p2 #tcot #ChooseLife #Choice #SemST",0
Legalization of Abortion,For great is thy mercy toward me; & thou hast delivered my soul from an evil place. Amen #Christian #SemST,0
Legalization of Abortion,I will fight for the unborn! #SemST,0
Legalization of Abortion,"Size,Level of development, Environment,Degree of dependency do not affect a human's value. . A fetus is a human being #ProLifeYouth #SemST",0
Legalization of Abortion,Abortion is legal all nine months in Canada and in some parts of the USA. #ProLifeYouth #SemST,0
Legalization of Abortion,PRAYERS FOR BABIES Urgent prayer in Detroit MI ...two in San Diego CA&one in San Antonio Life begins at conception #SemST,0
Legalization of Abortion,These dems' lack of compassion for unborn babies who receive prenatal diagnoses is appalling #theyfeelpain #SemST,0
Legalization of Abortion,"#DefentThe8th? Why would I defend something that kills people? Remember #Savita, killed by Irish ""#prolife"" laws? #RepealThe8th #SemST",0
Legalization of Abortion,"thought it was just tissue"" #SemST",0
Legalization of Abortion,like i really need to walk past a bunch of aborted babies to get into the union. get out of my peripheral #SemST,0
Legalization of Abortion,"Your life, your body, your choice. #womenshealth #womensrights #SemST",1
Legalization of Abortion,Every1 needs 2 c & movie #TheRallyLA. It's life transforming. #drugs #forgive #SWBC2015 #Salvation #SemST,0
Legalization of Abortion,you can't say you support women's rights but be against abortion #SemST,0
Legalization of Abortion,"I think a woman should have the choice of what to do with HER BODY.. But, what do I know? Im only a woman sure #SemST",0
Legalization of Abortion,abortion clinics... back alleys with a profit center and air conditioning? #SemST,0
Legalization of Abortion,I would never expect an 11 year old girl to have to carry a pregnancy to term #SemST,1
Legalization of Abortion,"How can someone be calling for abortion in a speech and end it with ""God bless America""? #righttolife #SemST",0
Legalization of Abortion,Our #TruthTour continues in #CarletonPlace as we show the graphic truth of abortion 2 traffic & pedestrians! #ShowTheTruth #onpoli #SemST,0
Legalization of Abortion,u dont know using #NaturalFamilyPlanning will not have the same effect as birth spacing? #SemST,0
Legalization of Abortion,"Plenty of stem cells without baby smashing, by the way. #SemST",0
Legalization of Abortion,How can there be too many #children? That is like saying there are too many #flowers -Mother Teresa #prolifeyouth #SemST,0
Legalization of Abortion,Kudos to the mentality that believes people who are dumb enough to not use protection are 'mature enough' to take care of a baby. #SemST,1
Legalization of Abortion,PRAYERS FOR BABIES Urgent prayer one in Lexington KY&two in Dallas TX&in Chattanooga TN Life begins at conception #SemST,0
Legalization of Abortion,"Yea, let's make a woman suffer 18 years and raise a child with an unfit parent who hates it because of ""morality"". #SemST",1
Legalization of Abortion,"What a great 7 days to be an American, especially a Texan. #SCOTUS #LoveWins #Obamacare #SemST",1
Legalization of Abortion,And an even worse place from which to make medical decisions FOR OTHER PEOPLE #mybodymychoice #notyours #notgovt #SemST,1
Legalization of Abortion,Do nothing at all unless you begin with prayer. -St Ephraem the Syrian #SemST,0
Legalization of Abortion,What a great day to argue the benefits of making abortion legal #SemST,1
Legalization of Abortion,Of mothers advising their daughter's to abort are insane! It's unacceptable!! #Condoms #ItsNotOnItsNotSafe #SemST,0
Legalization of Abortion,"One, we are pro life Two, a little bit louder Three, I still can't hear you Four, more more moreYouth #SemST",0
Legalization of Abortion,"It's never been about ""life"" has it? ""#Prolife"" are OK with women dying. #SemST",0
Legalization of Abortion,Just owned a woman who works for planned parenthood. #factsonly #SemST,0
Legalization of Abortion,"When you abort a baby, you don't just abort one person ...you abort generations. #SemST",0
Legalization of Abortion,If being a mother's womb isn't safe I guess neither are churches; specifically black ones #WhoIsBurningBlackChurches #SemST,0
Legalization of Abortion,You will not #silence my message you will not mock my #God you will stop #killing my #generation.youth #SemST,0
Legalization of Abortion,"Abortionists refused to comply with these constitutional, common-sense standards. #NARAL #SemST",0
Legalization of Abortion,"#rally4life because if they don't want an abortion, then no one can have the choice #SemST",0
Legalization of Abortion,Abortion is genocide - I don't think you know what genocide means. #ygk #SemST,0
Legalization of Abortion,It should never ever be legal to have an abortion because murder is wrong & #AbortionIsMurder not #healthcare . We Must . #SemST,0
Legalization of Abortion,Will you be my #voice? -unborn babiesyouthgen #SemST,0
Legalization of Abortion,coffee out the nose or down the windpipe... next time... we're going for out the nose #thoughtiwasgonnadie #SemST,0
Legalization of Abortion,"""A nation that kills its own children has no future.(On Abortion) ~Bl. John Paul II #SemST",0
Legalization of Abortion,"Your body belongs to you. It doesn't belong to the church, the state or an embryo. #SemST",0
Legalization of Abortion,All babies are a blessing thank you for loving what you been preaching #SemST,0
Legalization of Abortion,you know what massively reduces abortion? Sex education and access to birth control. #SemST,1
Legalization of Abortion,Definitely the #SCOTUS today has landed where women are. #Texas #clinics #issues #SemST,1
Legalization of Abortion,"My body, my life. You fuck it up in a way I'm not prepared for and I will kill you. #SemST",1
Legalization of Abortion,But of course today one doesn't have to be responsible You can kill your child instead! #SemST,0
Legalization of Abortion,Equal pay for equal work? YES. Freedom from the fear of rape and sexual objectification? YES. The 'right' to abort? NO. #SemST,0
Legalization of Abortion,I can't stand people who are pro life because they had a stillborn or loss.... #SemST,1
Legalization of Abortion,"C7German: Heaven is our Goal, life is our conquest #socialmedia #technology #catholic #SemST",0
Legalization of Abortion,women being independent and making their own CHOICES #SemST,1
Legalization of Abortion,"Not your uterus, not your choice--from conception on, it really is THAT simple! #fem2gen #YesAllWomen #SemST",1
Legalization of Abortion,"#SignsYoureInTheUSA Doc can pull baby 3/4 way out of the womb, stick a knife in its head 2 kill the child & says its OK #SemST",0
Legalization of Abortion,And accepting with love any children arising from Union of marriage or at least taking responsibility for life created #SemST,0
Legalization of Abortion,"Basically this documentary is ""You kill babies so we're going to kill you"" Lol the irony of pro-lifers. #aftertiller #SemST",1
Legalization of Abortion,What are they doing with acid signs oh yeah their all tripping #lsd #SemST,0
Legalization of Abortion,"Typo - I meant to say ""dies"" - With every abortion least one human dies. #SemST",0
Legalization of Abortion,If being in a mother's womb isn't safe I guess neither are churches; specifically black ones #WhoIsBurningBlackChurches #SemST,0
Legalization of Abortion,"if they made it illegal, people would use coat hangers, and your photos would really be messed up. #letdoctorsdoit #SemST",1
Legalization of Abortion,Helping achieve repro. justice 1 step a time. #abfunds #love #compassion #abortionrights #nnaf #SemST,1
Legalization of Abortion,"And do not kill ur children for fear of poverty. We provide for them & for u. Indeed, their killing is ever a great sin. #Quran #SemST",0
Legalization of Abortion,"Im against abortion & i stand by my opinion. No, its NOT just a mass of cells. #SemST",0
Legalization of Abortion,Rock on girl! We all know #AbortionIsMurder. #SemST,0
Legalization of Abortion,"Some people are not ready for a child or they were even raped, and theres already too many kids who need adopting anyway #SemST",1
Legalization of Abortion,"Just a reminder, don't take your eyes off #SCOTUS yet #reprohealth is still on the line. #womensrights #ReproJustice #reprorights #SemST",1
Legalization of Abortion,"Abortion is on the wrong side of history: healers, inventors, artists, your wife, your husband, your best friend, all eliminated. #SemST",0
Legalization of Abortion,Don't see the big deal about all this #SemST,0
Legalization of Abortion,Dear #BristolPalin. STOP. Just FUCKING STOP. You have choices. It's called #abortion. Take it or leave it but quit whining. #fem2 #SemST,1
Legalization of Abortion,As a former fetus I oppose #ProlifeYouth #SemST,0
Legalization of Abortion,Solidarity with all at the counter #rally4life - Ireland won't be equal until women have full control of our bodies #repealthe8th #SemST,0
Legalization of Abortion,"Why is bacteria considered life on Mars, but a heartbeat is not considered life on earth? #heartbeat #SemST",0
Legalization of Abortion,"I'm against abortion, gay marriage, AND Donald Trump for President. #gaymarriage #DonaldTrump #SemST",0
Legalization of Abortion,Abortion Workers Charged with Manslaughter After Another Woman Dies From #SemST,0
Legalization of Abortion,Why don't black lives matter in the womb? #SemST,0
Legalization of Abortion,Thr r no rights w/o responsibilities. The rt 2 bodily autonomy comes w/ the responsibility 2 care 4 1's unborn child #ProLifeYouth #SemST,0
Legalization of Abortion,"#SB724 passes Sen. Judiciary Cmte.This bill is an effort to shame women out of their personal, private medical decision to have an #SemST",1
Legalization of Abortion,Who defends murder here? I haven't heard anyone defending the killing of human beings. #SemST,0
Legalization of Abortion,Would you rather have women taking dangerous concoctions to induce abortions or know they are getting a safe & legal one? #SemST,1
Legalization of Abortion,I don't either. Why would you want to make people have kids? Esp when they're not prepared? Makes no sense. #SemST,1
Legalization of Abortion,#ProLifeYouth if you are truly a feminist you would be fighting for the woman's life that is in the womb. #AllLivesMatter #SemST,0
Legalization of Abortion,What doesn't reduce abortions: -Making it illegal What does: -Sex education -Caring about the pregnant person... #SemST,1
Legalization of Abortion,On my bday I'm always so grateful to my bio parents who gave me up for #adoption #nochoiceisevereasy #SemST,0
Legalization of Abortion,Not so great for the women you want to force to give birth against their wills. #rapeculture #SemST,1
Legalization of Abortion,There's a gray area when it comes to abortion. We discuss the #legal & #ethical #dilemmas that #doctors & #patients face regarding #SemST,0
Legalization of Abortion,As much as they try the notion of ts the 21st century its killing a lot..... #SemST,0
Legalization of Abortion,"Sweat, killed and cut up his victim, extreme deadbeat parents do the same to innocent babies by abortion, #scotusabortion #SemST",0
Legalization of Abortion,Wish I could be at the #rallyforlife counter protest. Women are people. Fetuses are clumps of cells. End of story. #ireland #SemST,0
Legalization of Abortion,"Or another hypocrisy are those who campaign for animal rights but are ""pro choice"" . #SemST",0
Legalization of Abortion,I know! I'm the only perfect :-) candidate. #ProCivilLiberties #ProBusiness #ProWorker #ProPeace #SemST,0
Legalization of Abortion,"In so many ways to Christians right here in America we already ARE the ""Great Satan"" #GayMarriage #Drugs #WakeUpAmerica #SemST",0
Legalization of Abortion,Very important to #PrayTheRosary to #PrayforthePersecutedChurch & to #SemST,0
Legalization of Abortion,who is for it. I'm not. But am for a women's right to her own body. #SemST,1
Legalization of Abortion,Next time just keep the baby #SemST,0
Legalization of Abortion,I despair! I want grandchildren or are they a 'luxury item' #Catholic #SemST,0
Legalization of Abortion,Equal rights for all Except for the unborn?? #ycot #overturnRoe #SemST,0
Legalization of Abortion,Turning it into a racial thing kek #SemST,0
Legalization of Abortion,"the premeditated taking of an innocent human life is 1st degree murder, and you know it. #SemST",0
Legalization of Abortion,WH: Motherhood's a Wage Penalty. So we pay em to have kids & we pay em to kill premature babies. WTF's point here libs? #PJNET #SemST,0
Legalization of Abortion,Was at the planned parenthood protest in #fitchburg today with the image of Our Lady of America #catholic #SemST,0
Legalization of Abortion,When is abortion a responsible choice? When a woman chooses it to be #SemST,1
Legalization of Abortion,"It's great that same-sex marriage has been made legal, but how long will it take to make abortion illegal? #SemST",0
Legalization of Abortion,"Some babies die by chance, none should die by choice! #SemST",0
Legalization of Abortion,People aren't 'pro-life' they're 'pro-birth'. When a mother can't provide what happens then? #SemST,1
Legalization of Abortion,I watched #AfterTiller and it gave me a whole new perspective on a woman's right to choose. #womensRights #SemST,1
Legalization of Abortion,It very simple .. Let women choose.. #repealthe8th #notacriminal #SemST,1
Legalization of Abortion,Our #TruthTour cont' in the as we show the humanity of the unborn & inhumanity of abortion! #cdnpoli #Ottawa #onpoli #SemST,0
Legalization of Abortion,everyone should have the right to make their own reproductive choices & recieve safe medical treatment without stigma. #SemST,0
Legalization of Abortion,Save the Baby Humans! #WAAR #SemST,0
Legalization of Abortion,"#ProLifeYouth know that human life = human life, inside the womb or out. #SemST",0
Legalization of Abortion,If you want #Equality then let ALL the babies live!! #SemST,0
Legalization of Abortion,We must love our neighbor as being made in the image of God and as an object of His love. ~ Saint Vincent de Paul #SemST,0
Legalization of Abortion,Abortion is NOT illegal and I would never judge a woman for making that choice. #SemST,1
Legalization of Abortion,Hadn't seen October Baby until the other night. Had me crying thru the whole thing...I don't cry at movies. So touching! #adoption #SemST,0
Legalization of Abortion,If you planted a garden you don't pull out the plants before they have a chance to bear fruit. #SemST,0
Legalization of Abortion,"He's not concerned about women's health, it's all about control. Stay outta my lady parts, Mr. Patrick! #SemST",1
Legalization of Abortion,ur not aware that using #NaturalFamilyPlanning will have d same effect as birth spacing? #SemST,0
Legalization of Abortion,1/3 of my generation is missing. And it can't be changed. But we can change the future. #ProLifeYouth #SemST,0
Legalization of Abortion,The most disturbing thing we to this planet is to flood our streets with the #blood of #children from #HappyEarth... #SemST,0
Legalization of Abortion,"Also, abortion is wrong biblically and morally. Imagine never getting a chance to live your life. Think about where you are now. #SemST",0
Legalization of Abortion,do you mean Bristol? She was just being honest about her feelings - many can relate - hope they choose life too! #SemST,0
Legalization of Abortion,Adding to the progress of this week the Supreme Court is also allowing Texas abortion clinics to stay open! #SCOTUS #SemST,1
Legalization of Abortion,.@RebeccahLouise I'm not forcing anyone to do anything. Abortion is not 'medical help' & there are better options. Very proud to be #SemST,0
Legalization of Abortion,People who have been pregnant can be pro choice. People who can't have kids can be pro choice. People who have a uterus can be #SemST,1
Legalization of Abortion,YOU CAN'T HANDLE THE TRUTH! People will always do it no matter the laws. #letdoctorsdoit #SemST,1
Legalization of Abortion,"Yep. RT: ""Defunding PP won't mean fewer abortions. It will mean more dead women. #prochoice"" #1in3 #SemST",1
Legalization of Abortion,At the Mass. State House again tomorrow for Planned Parenthood's Sexual Health Lobby Day #ReproductiveJustice #Feminism #SemST,1
Legalization of Abortion,"In 1776 we killed the conservatives, freed ourselves from that crap #rightwing #Christian #ChurchState #Tyranny. #Uniteblue #tcot #SemST",0
Legalization of Abortion,She* knows what's best for her* happiness & her* body #SemST,1
Legalization of Abortion,Patient advocate Stephen Casey of Texas Center for Defense of Life strongly supports #HB3074. #TXlege #SemST,0
Legalization of Abortion,What is the difference between a baby and a onion? No one cries when you chop up the baby. Hahahahaha! Love dead babies! #Babies #SemST,1
Legalization of Abortion,How much do we really believe in equal rights for all mankind? #unborn #LoveWins #followthrough #SCOTUS #roevwade #science #SemST,0
Legalization of Abortion,Where did we get that right? When did we get that right- at conception? #antichoice #SemST,0
Legalization of Abortion,"""We're all human, aren't we? Every human life is worth the same, and worth saving."" -J.K. Rowling #... #SemST",0
Legalization of Abortion,"Keeping pregnant people safe is a great reason for abortion, though. #SemST",1
Legalization of Abortion,#SCOTUS blocking part of our Texas Anti-Abortion law. Maybe we should call them the Supreme Tyrant. #tcot #tgdn #SemST,0
Legalization of Abortion,Pro-Life Legislative Day Party in Lansing today! See y'all there! #sopumpedgen #SemST,0
Legalization of Abortion,"Sadly, most health insurance plans don't cover abortions, so the price can be quite high.... #SemST",1
Legalization of Abortion,This is the same reason it's sexist that we don't cover women's birth control. Any issue that primarily effects women is ignored #SemST,1
Legalization of Abortion,#ProLifeYouth know that life begins at conception. #SemST,0
Legalization of Abortion,...about the millions of aborted children? Lets fix this too #LoveWins #SemST,0
Legalization of Abortion,"Put into perspective: Est 32,000 rape-caused pregnancies/yr = 22x less than est 730,000 abortions/yr. #StrawMan #WarOnWomen #SemST",0
Legalization of Abortion,As long as they are allowed to show medically correct photos of contraception use at the family planning table #StopAbortion #SemST,0
Legalization of Abortion,#Humans have taken over the role of #God - #RachelDolezal #CaitlynJenner #SCOTUSMarriage #SemST,0
Legalization of Abortion,"We need more public funding for birth control, condoms and abortions, especially abortions. #budget2015 #Election2016 #SemST",1
Legalization of Abortion,The right to control one's body is not a license to kill.Youth #SemST,0
Legalization of Abortion,Plenty of reasons for Christians not to support Hillary. Not the least of which in my mind is her stand (w/Dems) on #SemST,0
Legalization of Abortion,"Hi while you are campaigning, 3000 innocent lives were killed by your pals #rednationrising #uniteblue #SemST",0
Legalization of Abortion,"Compromising on #sin gets easier as time goes on. Oh yeah, it didn't just start! #sexual-impurity #WakeUpAmerica #SemST",0
Legalization of Abortion,"Does a #pregnant #woman have 2 heads, 2 hearts, 4 arms, and 4 legs? #prolifeyouth #prolifegen #didntthinkso #SemST",0
Legalization of Abortion,I refuse to stop praying for an end to abortion. #SemST,0
Legalization of Abortion,"because it's not your baby, body or decision, nor does it effect your life in any way. So it's none of your business. #SemST",1
Legalization of Abortion,"I am a man, but I feel most qualified to make healthcare decisions for women. #ThingsYouDontSayAsAPolitician #SemST",0
Legalization of Abortion,"Yes, your reasoning is horrible. We were talking about abortion, not death. #SemST",1
Legalization of Abortion,forcing women to change their body's normal function is the epitome of controlling women. #SemST,0
Legalization of Abortion,d real question is. do u even research d side effects of abortion and contraceptives? #KnowYourFacts #SemST,0
Legalization of Abortion,"""Why does the government not hold a referendum on abortion?"" asks UN CESCR Mbr Pillay #UNIRL #SemST",0
Legalization of Abortion,#DonRients: people aren't just killed by guns. 9 people died and that's sad. But how many die daily from #abortion? #SemST,0
Legalization of Abortion,Assaulting & manipulating pregnant people doesn't reduce #SemST,1
Legalization of Abortion,Planned Parenthood lines its pockets while sacrificing women and children in need at the altar of abortion. #SemST,0
Legalization of Abortion,The #right to #life should be the #first among #humanrights -Pope Francisyouthgen #SemST,0
Legalization of Abortion,PRAYERS FOR BABIES Three babies in urgent need of prayer and intervention in Dallas TX And another in Montgomery AL #SemST,0
Legalization of Abortion,The Democrats just gave the most chilling reply when asked if they support aborting 7-pound babies #SemST,0
Legalization of Abortion,It hurts my 2 C ppl more offended over a flag/symbol than deaths/abortions of millions of innocent children! #flag #Mississippi #SemST,0
Legalization of Abortion,"whoa whoa whoa. I don't care about you having sex, but when you're pregnant, there's another life involved. #SemST",0
Legalization of Abortion,"Dear #SCOTUS, now that you deemed it constitutional to ""defend the rights of ALL people,"" can we get a ruling to abolish abortion? #SemST",0
Legalization of Abortion,The justification of abortion is rooted in selfishness & fear & they come from lack of faith & self centeredness #SemST,0
Legalization of Abortion,Murdering an unborn child is the crudest form of contraception! #Catholic #Christian #Conservative #feminist #SemST,0
Legalization of Abortion,A nation that kills its own children is a nation without hope. -Pope Saint John Paul II #ProLifeYouth #AllLivesMatter #SemST,0
Legalization of Abortion,I've noticed that everybody that is for Abortion has already been born-Ronald Reagan #LetthemLive #AllLivesMatter #SemST,0
Legalization of Abortion,#DailyWordsOfWisdom Pat's best Hell is for children still defines goverment #fostercare #adoption #SemST,0
Legalization of Abortion,People who want kids can b prochoice. U don't have to want an abortion to b prochoice. People who had a miscarriage can b prochoice #SemST,1
Legalization of Abortion,"A person's a person, no matter how small. - Dr. Suess #WAAR #SemST",0
Legalization of Abortion,"I was born 4 months premature... I'm perfectly fine, somehow killing babies is legal in this country. #SemST",0
Legalization of Abortion,"Everybody but the unborn, right? #SemST",0
Legalization of Abortion,"We declare that all people have worth and value even if the whole world calls them ""unwanted""! #SemST",0
Legalization of Abortion,Happy to hear the #SCOTUS blocked closing of 10 abortion clinics in TX until an appeal can be heard #safelegalrare #thinkprogress #SemST,1
Legalization of Abortion,They haven't eliminated #murder. They just call it by a different #name. #prolifeyouth #prolifegen #SemST,0
Legalization of Abortion,It is not progressive to try to resolve problems by eliminating a human life. - #PopeFrancis #SemST,0
Legalization of Abortion,Gay Marriage & Murdering the Unborn will always be a SIN in GODS eyes. #ccot #tcot #jesus #bible. #SemST,0
Legalization of Abortion,"Unthinkable, shameful, acceptable, encouraged, desirable ...the evolution of killing the defenseless. #SemST",0
Legalization of Abortion,I have no problem with birth control but their you go with that free thing again. So your solution is murder good idea #SemST,0
Legalization of Abortion,No one has 5he right to tell any person what they should do with their body #SemST,0
Legalization of Abortion,Need a ProLife R.E. Agent? - Support a ProLife Group (U-choose) at NoCost ProLifeRealEstate@Yahoo.com #SemST,0
Legalization of Abortion,defunding PP won't mean fewer abortions. It will mean more dead women. #SemST,1
Legalization of Abortion,"People go nuts on the #Onepercent, yet their fine with 0.0000023% of the population deciding their fate on #obamacare, #marriage, #SemST",0
Legalization of Abortion,"Because as long as we're ending innocent lives, love has won nothing. #SemST",0
Legalization of Abortion,putting abortion in with choices for women just won my heart over. Yaaaaaas! #shahs #SemST,1
Legalization of Abortion,"Good morning Patriots, let us continue to Pray for this great Nation and the #UnBorn on this great day God has given us!! #ccot #SemST",0
Legalization of Abortion,Reading law cases on abortion rulings from the past 100 years is exhausting! #research #workhard #work #publichealth #SemST,0
Legalization of Abortion,"I get the whole ""Kill your darlings"" advice, but I feel like an abortionist with all these unfinished stories. #Writing #Literary #SemST",0
Legalization of Abortion,"Hillary wants to be a champion for women, unless they're unborn. #SemST",0
Legalization of Abortion,EVERYONE has a right and choice of either HEAVEN or HELL. #ProMarriage #ProFaith #EternalLifeMatters #SemST,0
Legalization of Abortion,"#antichoice NEVER try to police men over sex, but punishing women puts them into a frenzy. #SemST",1
Legalization of Abortion,"No one is advocating ""punishment"". Would you force ppl to give birth against their wills? #rapeculture #SemST",1
Legalization of Abortion,What about in cases of rape #SemST,1
Legalization of Abortion,I love how #liberals only accuse #conservatives of war on women when we don't want to fund #SemST,0
Legalization of Abortion,if truth is a micro aggression 2 the left Why is name calling by the left not a mega hypocrisy? #UniteBlue #LibCrib #maddow #SemST,0
Legalization of Abortion,repent wen u commit a grave act like murder of a baby did u #abort ur baby?yes? then YOU repent! #hell s 4 eternity #SemST,0
Legalization of Abortion,"...and said unto them, Suffer the little children to come unto me, & forbid them not: for of such is the kingdom of God. Mk 10:14 #SemST",0
Legalization of Abortion,Today I am grateful to have the right to control my body without govt influence. #antichoice leaders want to stop this. #abvote #SemST,1
Legalization of Abortion,Bad analogy. The current time frame for abortion is the best compromise #SemST,0
Legalization of Abortion,"I'm pro choice for if you want to kill living babies, go right ahead. #SemST",1
Legalization of Abortion,"Just like abortion, even though SCOTUS says gay marriage is legal doesn't make it moral. #SCOTUSMarriage #FreedomOfReligion #SemST",0
Legalization of Abortion,You can say that again! #AbortionIsMurder #AllLivesMatter #ProLifeYouth #SemST,0
Legalization of Abortion,#ChildrensCentre's in the #UK have stay & play sessions for very young / single parents #childcare #parenting #SemST,0
Legalization of Abortion,"Exactly, no apologies needed to any #fundamentalist of any kind. Stop apologies for rights. #p2 #SemST",1
Legalization of Abortion,"Just remember, there is a living family out there just waiting to #adopt your aborted baby. #SemST",0
Legalization of Abortion,". . . abortion is not self-defense, shooting the rapist is Kittington #PJNET #TCOT #SemST",0
Legalization of Abortion,Yup. The women in the womb are as precious as those who are outside of it. #ProLifeYouth #AllLivesMatter #SemST,0
Legalization of Abortion,I'll always put all my focus and energy toward keeping people alive instead of deciding who gets to marry. #SemST,0
Legalization of Abortion,#populationcontrol = controlling the incoming generations. that's why there's #demographicwinter #epicfail #philippines #rhlaw. #SemST,0
Legalization of Abortion,"AmandaKayHowell: Dear to who it may concern;""YOU stand up for my right to live. #Baby #murder #RightToLife #unborn #wo... #SemST",0
Legalization of Abortion,Okay so how about declaring and protecting equality for the unborn now? #SCOTUS #Murder #SemST,0
Legalization of Abortion,NO new human individual formed at conception! Full complement of human chromosomes unique individual DNA and alive. #SemST,0
Legalization of Abortion,I can tell women what to do with their bodies #ThingsYouDontSayAsAPolitician #SemST,0
Legalization of Abortion,I am in favor of women's rights and their right to choose. How I chose is irrelevant to others #SemST,0
Legalization of Abortion,There weren't any volunteers outside abortion clinic when she had her abortion bcs there aren't enough of us. Can you join us? 2/2 #SemST,0
Legalization of Abortion,"If we are pronounced dead when our heart stops, why are we not pronounced alive when our heart starts? #SemST",0
Legalization of Abortion,"Democrats are always AGAINST ""Personhood"" or what they perceive to be legislation to recognize #Personhood. Always. #Colorado #SemST",0
Legalization of Abortion,sorry Hilary but I'm #southern and don't bleed that #rainbow #BleedRed #america #southwillriseagain #SemST,0
Legalization of Abortion,"Without #life, the right to liberty and the pursuit of happiness aren't possible. #ProLifeYouth #AllLivesMatter #SemST",0
Legalization of Abortion,"So you've blown right past the whole ""women stopped dying after RvW"" thing. #prolifelie #hashtagitall #SemST",0
Legalization of Abortion,"#ThingsYouDontSayAsAPolitician: ""I'm personally opposed to #abortion, but..."" Abortion is WRONG. Period. youth #SemST",0
Legalization of Abortion,"There is no ""#abortion"" involved in taking the pill honey. #womenshealth #abortifacient #fail #SemST",0
Legalization of Abortion,It's sad to see so many people getting their values from Hollywood rather than the Holy Scriptures. #ProLifeYouth #SemST,0
Legalization of Abortion,Yes I will be at Counting down to it. Looking forward to standing up for the right to life #... #SemST,0
Legalization of Abortion,Anti choice laws are sexist because they only effect women*. #SemST,1
Legalization of Abortion,I get several requests with petitions to save whales but never to stop the slaughter of babies in the wombs of mothers. #abortion. #SemST,0
Legalization of Abortion,We live in a world where people care more about religious rights than consent & reproductive rights.... #SemST,1
Legalization of Abortion,pro-choicers are basically tryna fight oppression with more oppression . #feminist #SemST,0
Legalization of Abortion,Babies are humans to support the prolife movement #SemST,0
Legalization of Abortion,People who have never had an abortion can be prochoice. People with a uterus can be prochoice. People who never want kids can be #SemST,1
Legalization of Abortion,Children are the greatest blessing which God has bestowed on man and woman. -Pope Francis #LifeisaGift #SemST,0
Legalization of Abortion,don't need your input but thanks. #womanschoice #controlyourownbody #SemST,1
Legalization of Abortion,The government has not been able to point to any improved health outcomes for women #law #macedonia #HRCtte #SemST,0
Legalization of Abortion,It's not Monday on Twitter until some right wing troll sends me a video of an abortion #ReproRights #SemST,1
Legalization of Abortion,"If Doctors used guns to perform abortions, would liberals then be opposed? #2A #liberallogic #SemST",0
Legalization of Abortion,"Dehumanizing? Why are you dehumanizing the pregnant person? They're more than walking incubators, and have rights! #SemST",1
Legalization of Abortion,I have a right to identify as pregnant and have an abortion. Having an abortion confirms my power of choice. #PregnancyForAll #SemST,0
Legalization of Abortion,"Natural family planning isn't ""planning"" at all since it just doesn't work. #SemST",0
Legalization of Abortion,If your agonist abortion get a vasectomy #SemST,0
Legalization of Abortion,"Your life is worth a lot. Don't believe any ""compassionate"" politicians or doctors or friends who tell you otherwise. You matter. #SemST",0
Legalization of Abortion,"U refer to ""WE"" which =""YOU"" & a minority of idiots who support #suicide #murder #death #iLLegalAliens #RavenSymone #SemST",0
Legalization of Abortion,Abortion does not prevent rape. Kittington #SemST,0
Legalization of Abortion,In Ireland the unborn child has constitutional protection. Long may this continued.Youth #SemST,0
Legalization of Abortion,Bernadette Smyth is an ignorant thunder cunt. Not her life. Not her body. Not her business. #ItsABallOfCellsNotABaby #NewsNI #SemST,1
Legalization of Abortion,"She has a brain, a heart, and her own unique DNA, not her mother's. She is alive and human. Please don't kill her. #SemST",0
Legalization of Abortion,I also support Men's wrongs as well as Women's rights #Standforchoice #womensrights #SemST,1
Legalization of Abortion,"In #scotus majority opinion, substitute abortion for capital punishment, and you have the opinion for the Texas clinic case. #SemST",0
Legalization of Abortion,Thank goodness politicians saw sense and recognised women's rights over their own bodies. #SemST,1
Legalization of Abortion,Abortion laws should be designed to make it harder to get an abortion. Abortion is murder! #SemST,0
Legalization of Abortion,"Once again, whose body do you have a ""right"" to use w/out consent? Still waiting. #rapeculture #SemST",1
Legalization of Abortion,Abortion Workers Charged with Manslaughter After Another Woman Dies From #SemST,0
Legalization of Abortion,Evidence proves that morbidity & mortality rates of legal abortion r a lot higher dan carrying pregnancy 2 term #teens #SemST,0
Legalization of Abortion,Where's the most dangerous place for a child? In the hands of an ISIS terrorist? Almost. Inside their mother's womb #MiddleAmerica #SemST,0
Legalization of Abortion,"Canada's legal definition of ""human being"" is based on 17th century science. It's time for an update. #ProLifeYouth #cdnpoli #SemST",0
Legalization of Abortion,WORLDWIDE R.E. Agents! - Support a ProLife Group (U-choose) at NoCost ProLifeRealEstate@Yahoo.com #SemST,0
Legalization of Abortion,So prolifers are against health rights? #SemST,1
Legalization of Abortion,How Ohio is secretly as restrictive as Texas with their #antichoice laws #TRAPlaws #SemST,0
Legalization of Abortion,"celebrates ""equality"" while 3000 unborn babies were killed today. Let's talk about a real inequality sir #LifeEquality #SemST",0
Legalization of Abortion,They made same sex marriage legal but they won't make abortion illegal. What is wrong with this world? #adamandevenotadamandsteve #SemST,0
Legalization of Abortion,"I would consider this, to be dispersal of a chemical weapon, one that kills children. #SemST",0
Legalization of Abortion,We should not deny the basic human right to life for unborn babies. #LifeWins #EndTheDiscrimination #SemST,0
Legalization of Abortion,because a good percent utilized that wonderful gift of choice (#proChoice). #SemST,0
Legalization of Abortion,Every year I see #rally4life ads & think 'that sounds great!' Stop tricking me into thinking you want sth positive! #repealthe8th #SemST,0
Legalization of Abortion,#ICCPR report does not cite any reasons for the changes in the legislation regulating. #macedonia #law # #SemST,0
Legalization of Abortion,I thought they wanted less unwed mommas and less abortion. #confused #tcot #feminism #SemST,0
Legalization of Abortion,"if we can accept that a mother can kill even her own child, how can we tell other people not to kill one another? #SemST",0
Legalization of Abortion,Do to others whatever you would have them do to you. This is the law and the prophets. Mt 7:12 #ProLifeYouth #SemST,0
Legalization of Abortion,More #blacks killed by abortion than during #slavery #ConfederateFlag #SemST,0
Legalization of Abortion,"If you don't want your kid, put it up for adoption. #sorrynotsorry #SemST",0
Legalization of Abortion,It's a free country. Freedom includes freedom of choice. #SemST,1
Legalization of Abortion,"For he who avenges blood remembers, he does not ignore the cry of the afflicted. ~ Ps 9:12 #comequicklyLordJesus #SemST",0
Legalization of Abortion,Oh you dont like that Im Pro-choice. Pftt. Dont try to force me to be pro-life. Fuck off #sorrynotsorry #SemST,1
Legalization of Abortion,Mzwakhe mbuli says doctors & nurses are paid assassins.. they kill unborn babies & give it a fancy name #SemST,0
Legalization of Abortion,if men could get pregnant things would change pretty quickly! #BackOff #SemST,1
Legalization of Abortion,Both Democrats and #IslamicState murder by dismemberment. The only difference is the age of their victims. #ISIS #SemST,0
Legalization of Abortion,A woman who deliberately destroys a fetus is answerable for murder.-St. Basil the Great #SemST,0
Legalization of Abortion,This #rally4life shit! How people support it I'll never understand. #SemST,0
Legalization of Abortion,Dear America: If only a 3D ultrasound picture could evoke the same emotional response. #lifeisprecious #SemST,0
Legalization of Abortion,"Abortion has nothing to do with feminism. Its about the BABYS body, not yours.isright #SemST",0
Legalization of Abortion,It is so much fun having younger friends who are expecting babies. #beentheredonethat #chooselife #SemST,0
Legalization of Abortion,Praise to District Court Judge Larry Hendricks for blocking that ridiculous anti-abortion law in Kansas #SemST,1
Legalization of Abortion,Just laid down the law on abortion in my bioethics class. #Catholic #SemST,0
Legalization of Abortion,if every child matters regardless of skin color? why do we as a nation continuously keep aborting them? #AllLivesMatter #SemST,0
Legalization of Abortion,"There's a law protecting unborn eagles, but not humans uh, idk if you've noticed, but there aren't 7 billion eagles around. #SemST",0
Legalization of Abortion,I will agree to gay marriage if you agree to pro-life and then adopt babies that would have been aborted. #SemST,0
Legalization of Abortion,Lol it's no ones choice but the woman's when it comes to abortion. Men shouldn't even be able to vote on the issue. #SemST,1
Legalization of Abortion,"No, U want 2 limit the doctor's choice & force him/her to help w/ abortions. I want to protect life & human dignity. #SemST",0
Legalization of Abortion,Today I am grateful for the #reproductiverights that allow so many families to escape poverty. #abvote #SemST,1
Legalization of Abortion,The world is waking up to the fact that killing babies is wrong. No matter what. #ProLifeYouth #SemST,0
Legalization of Abortion,I will fight for the unborn! #SemST,0
Legalization of Abortion,When is abortion a responsible choice? When a woman chooses it to be #SemST,1
Legalization of Abortion,SCOTUS at it again! Blocks Texas from enforcing part of new abortion law! We have to stop killing babies! #SemST,0
Legalization of Abortion,Pray for the Navy yard. God please keep the casualties minimal. #1A #2A #NRA #COS #CCOT #TGDN #PJNET #WAKEUPAMERICA #SemST,0
Legalization of Abortion,just wanted to say that I appreciate the pro life stance. A lot of celebrities are afraid to show a bold stance #LFO #SemST,0
Legalization of Abortion,#NothingMoreAmericanThan unjustified homicide of the unborn in #SemST,0
Legalization of Abortion,".@DRUDGE_REPORT not sure I agree with her decision but, it is her decision.I wonder how many of the critics would support abortion? #SemST",1
Legalization of Abortion,Abortion IS NOT a political issue it is a MORAL issue. #Catholic #Christian #Conservative #SemST,0
Legalization of Abortion,"because it is settled that [abortion] is constitutional, it necessarily follows that there must be a means of carrying it out. #SemST",0
Legalization of Abortion,both r #human. 1e u abuse with misinformation (#women) n d other u kill by #baby #SemST,0
Legalization of Abortion,"I was an accidental baby and as far as I know, my parents were happy to have me. #thanksmom #SemST",0
Legalization of Abortion,All of this has nothing to do w providing medical care - on TRAP regulations #scraptrap #SemST,0
Legalization of Abortion,Alright #SCOTUS your next order of business should be overturning #roevwade #SemST,0
Legalization of Abortion,please consider the status of preborn girls as the most vulnerable women in society. #peivotes #SemST,0
Legalization of Abortion,",@CoraSherlock When is Ms C case you've been promising happening? When'll a court be asked adjudicate her claims? #repealthe8th #SemST",0
Legalization of Abortion,"#Mozambique's new penal code takes effect on Wednesday containing several significant new elements,including #decriminalisation of #SemST",0
Legalization of Abortion,A bundle of cells feels more pain than a fully grown women? no. #SemST,0
Legalization of Abortion,"I don't know about you, but I didn't vote for the GOP to capitulate to the Dems. #AllLivesMatter #SemST",0
Legalization of Abortion,"'Amen, I say to you, whatever you did for one of these least brothers of mine, you did for Me.' Mt 25:40 #ProLifeYouth #SemST",0
Legalization of Abortion,#PeoplesDebate Juvenile hysterics from that woman. Killing babies is bodily autonomy? People dying of neglect but lets have #VinB #SemST,0
Legalization of Abortion,You can't kill someone cause you claim you made a mistake. If true nobody would go to jail for killing their spouse. #SemST,0
Legalization of Abortion,yes he has an opinion but the choice should be in the hands of the women You know the person directly affected? #SemST,1
Legalization of Abortion,"Dear Religious Right: I keep my uterus out of your church, so keep your church out my uterus. #SemST",1
Legalization of Abortion,Abortionists and their supporters are the REAL misogynists! #Catholic #Christian #progressive #liberal #SemST,0
Legalization of Abortion,Way to go Mozambique. Thank you for recognizing #Equality We should be allowed to make our own choices. #SemST,0
Legalization of Abortion,It's time to be a #voice for the #voiceless. Stand up for the #unborn! #AllLivesMatter #ProLifeYouth #chooselife #SemST,0
Legalization of Abortion,Like i said you are weak. We are strong! #Christian #WeWillOvercome #SemST,0
Legalization of Abortion,"Precisely! In God's eyes, ALL life is precious. Let's make this generation the one who ends abortion! #ProLifeYouth #SemST",0
Legalization of Abortion,"The causes & circumstances of pregnancies vary, but one thing is unwavering: a human with a right to life. #ProLifeYouth #SemST",0
Legalization of Abortion,They abort millions of their possible progressives for the future. #Downfall #SemST,0
Legalization of Abortion,Lmao my school thinks giving women the right to an abortion is against feminism. They don't know feminism #wtf #SemST,1
Legalization of Abortion,"Thanks to anti-choicers, women dealing with this may also face prosecution. #SemST",1
Legalization of Abortion,"we must always see others as Christ sees us,we must see God in all things&remeber 2 look past sin #RomanCatholic #SemST",0
Legalization of Abortion,Bullshit multiplied by bullshit is still bullshit. #SemST,0
Legalization of Abortion,"actually noone said they dont consider it life, and an abortion is between a woman and her doctor #SemST",1
Legalization of Abortion,"At the same time, this decision ISN'T always a difficult one. Don't let #antichoice guilt-trip people. #SemST",0
Legalization of Abortion,Agree choice if woman's life in danger. But rape - does the baby deserve death for crime of his/her father? #SemST,0
Legalization of Abortion,Off to the #clinic this morning. 2015 and we still have to chase away anti-choice nutters harassing our patients. #SemST,1
Legalization of Abortion,"It's not #yourbody, so it's not your #choice.youthgen #SemST",1
Legalization of Abortion,Only one can have bodily autonomy #SemST,1
Legalization of Abortion,One day I'm gonna set an abortion clinic on fire. Anyone wanna join? #SemST,0
Legalization of Abortion,because that 9% utilized that wonderful gift of choice (#proChoice). #SemST,0
Legalization of Abortion,"Why do people think it's ok to get an abortion... What the fuck is wrong with you? What if your mom aborted you, you sick fuck! #SemST",0
Legalization of Abortion,Legalized tweeting-instead-of-procreating discriminates against the unconceived child. #worstargumentever #lolanti #SemST,0
Legalization of Abortion,Rise & Shine its a new day & you're alive. Thank God 4 another day of precious life. #Christian #Catholic #TeamJesus #SemST,0
Legalization of Abortion,It is a #poverty to decide that a #child must #die so you may live as you wish. -Mother Teresa #prolifeyouth #prolifegen #SemST,0
Legalization of Abortion,I do not want to bring a child into this dangerous patriarchy. But I want to feel pregnancy as an experience #PregnancyForAll #SemST,0
Legalization of Abortion,thank you for the way you beautifully communicate the pro-life message. You all consistently blow me away. #SemST,0
Legalization of Abortion,There's an undeniable inverse correlation between women's right to choose and crime rates #womensrights #SemST,1
Legalization of Abortion,the irony of Margaret Sanger wanting to rid the world of blacks. #SemST,0
Legalization of Abortion,BRAVO TO BOTH OF YOU BEAUTIFULLY EXPLAINED HOLD UP #humantrafficking bill #womensrights #righttochoose #SemST,1
Legalization of Abortion,Generate belief in quality existence for everyone especially children in that community.Kittington2016 #SemST,0
Legalization of Abortion,"How dare you say my sexual preference is a choice, how dare you say dismembering my preborn isn't. #liberalism #SemST",0
Legalization of Abortion,And the unborn ARE human lives completely human & alive from conception. Abortion KILLS #SemST,0
Legalization of Abortion,People with a uterus can be pro choice. People who have been pregnant can be pro choice. People who lost a child can be prochoice #SemST,1
Legalization of Abortion,what do u call #teens hu got #pregnant even while ingesting contraceptives? success? Can a chaste girl get pregnant? #SemST,0
Legalization of Abortion,abortions should never be illegal. It should be the pregnant person's choice. Especially if that person was rape #SemST,1
Legalization of Abortion,I am 1 in 3... I have had an abortion #AbortionOnDemand #MenstruationMatters #SemST,0
Legalization of Abortion,"If men could get pregnant, abortion clinics would be like Starbucks #SemST",0
Legalization of Abortion,Does the Gay Community support Abortion? #ProLifeYouth #LGBTPrideMonth #SemST,0
Legalization of Abortion,Why is it illegal to kill an unhatched eagle egg but its legal to kill an unborn human baby?isright #SemST,0
Legalization of Abortion,".@JessieLosch There is no such thing as a ""safe & alive"" abortion because every abortion that goes as intended leaves >= 1 dead #SemST",0
Legalization of Abortion,every one in Congress should attend an abortion procedure especially partial birth that they VOTE FOR #ccot #tcot #SemST,0
Legalization of Abortion,Women's rights are a joke. Omg I can't even. Lol go thank your mom for keeping you. #SemST,0
Legalization of Abortion,you want the freedom to murder a baby. Rip them limb by limb. No change in subject by me.Libertarian #SemST,0
Legalization of Abortion,Giving birth is not pushing women toward death. #SemST,0
Legalization of Abortion,A prochoice advocate but circumcise ur baby? Fucking hypocrite! #circumcision #humanrights #SemST,0
Legalization of Abortion,Coming from a female that was taken away the ability to have children. I still believe women should have the ability to choose. #SemST,1
Legalization of Abortion,"DEAR PROABORTS: Using BAD grammar and FILTHY language and INTIMIDATION makes you look ignorant, inept and desperate. #GodWins #SemST",0
Legalization of Abortion,I #DenounceHarper because his religious ties are responsible for the #MarchForLife anti-choice rallies on Parliament Hill. #SemST,0
Legalization of Abortion,So can unborn children have rights now? #SemST,0
Legalization of Abortion,I truly believe that #BlackLivesMatter and that's why I'm against Planned Parenthood. #ycot #SemST,0
Legalization of Abortion,try joining the millions of slaughtered unborn CHILDREN robbed of their right to choose. #cdnpoli #SemST,0
Legalization of Abortion,#PeoplesDebate Better every child born out of marriage + every mothers get #loneparents allowance than there be a single #VinB #SemST,0
Legalization of Abortion,good riddance to millions of black babies? I really hope I'm misunderstanding you #SemST,0
Legalization of Abortion,Watching teen mom and watching Farrah be a bitch makes me believe in abortion that much more. #SemST,1
Legalization of Abortion,"Oh look!!! So not only are antichoice strongly against pregnant people's human rights, they're also homophobic. Shocker. (Not) #SemST",1
Legalization of Abortion,"thank you again to show that you are AGAINST CONTRACEPTION. ""#Prolife"" = a code word for #misogyny. #SemST",0
Legalization of Abortion,If #Freewill is good enough for your #god it should be good enough for you. #SemST,0
Legalization of Abortion,"In so many ways, to so many people around the world, America really IS the ""Great Satan"" #GayMarriage #Drugs #WakeUpAmerica #SemST",0
Legalization of Abortion,"Jesus loves the children of the world, the born and the unborn.Youth #SemST",0
Legalization of Abortion,They were slaying their own souls when they offered up their sons & when they shed the blood of infants. #Augustine #Psalm106 #SemST,0
Legalization of Abortion,- I guess this means you're happy for me to be pro-life as I never aborted any of my own children? #hypocrisy #SemST,0
Legalization of Abortion,If it isn't a #human life then why does have a problem with us?youth #itisahumanlife #SemST,0
Legalization of Abortion,"I'm killing my baby tonight, I don't care if it's wrong or right! #SemST",1
Legalization of Abortion,"A fetus is not living, breathing, born, sentient, or autonomous which is why the pregnant woman's choice matters more #SemST",1
Legalization of Abortion,U.S. Fed law does nothing to prevent killing of pre-born children even up til sec of birth or seriously address root causes of #SemST,0
Legalization of Abortion,RT if you're ready to help us defeat #AssistedSuicidelike we defeated #AbortionExpansion! #noPASny #SemST,0
Legalization of Abortion,Life is our first and most basic human right. #SemST,0
Legalization of Abortion,"No. It's absurd to refer to healthcare that saves pregnant people's lives as ""killing. #SemST",1
Legalization of Abortion,"A pregnancy, planned or unplanned, brings spouses,families & everyone closer to each other. #Life is beautiful! #USA #SemST",0
Legalization of Abortion,Gets rid of a daughter and pretends she never existed. #ParentTrapPlot or #SemST,0
Legalization of Abortion,Progress for #AfricanAmericans check. Progress for #Gay people check. Progress for #Women. Waiting waiting waiting.... #SemST,1
Legalization of Abortion,En route to Parnell Square for the rally for life!! #everylifematters #SemST,0
Legalization of Abortion,"Fair IS fair if U believe an unborn child has no right to life, then UR saying I can decide if you do?? #SemST",0
Legalization of Abortion,Thank you for another day of life Lord. #Christian #Catholic #TeamJesus #SemST,0
Legalization of Abortion,We are the #prolifegen and we will abolish abortion in our lifetime! #prolifefuture #tcot #SemST,0
Legalization of Abortion,"Not all women want to have or bear children, and that is okay #SemST",1
Legalization of Abortion,Pro-life laws only effect women so anti choicers are fine with these laws because the laws are only hurting are females #SemST,1
Legalization of Abortion,"Now that there's marriage equality, can we start working on equal rights for unborn children? #SemST",0
Legalization of Abortion,#DebbieWashermanSchultz the woman has a voice the doctor has a voice. Who speaks for the baby? I'm just askin. #SemST,0
Legalization of Abortion,people in the government care more about words in a bible than women and their bodies #SemST,1
Legalization of Abortion,We are surprised at #SCOTUS ruling on marriage? Isn't this the the same government agency that legalized murder? #SemST,0
Legalization of Abortion,goes along with the world is the law of God and not of men #SemST,0
Legalization of Abortion,where is #SilencedDiscourse for #Divisions on #SchoolChoice #Taxes #DoubleStandard #Biased #SemST,0
Legalization of Abortion,There should be no law or funding which justifies the murder of innocent life. #CCOT #pjnet #SemST,0
Legalization of Abortion,"The same people that demand gov stay out of their vaginas, demand that gov legitimize their same sex bedrooms! Curious. #LoveWins #SemST",0
Legalization of Abortion,Life is sacred on all levels. Abortion does not compute with my philosophy. Kate Mulgrew (Red on #OITNB ) #SemST,0
Legalization of Abortion,So anti-choice laws are telling these women they're incapable and shouldn't make decisions that involve their own body. #SemST,1
Legalization of Abortion,asked a protester-u'll fund the moms?Yes-So #announced it in DT #hamont-yo ppl #NoAbortion=these ppl wth picz will pay 4yo' kids #SemST,0
Legalization of Abortion,Those who deny women who've been raped abortion are the same ppl who tell rape victims they asked for it. #rape #SemST,0
Legalization of Abortion,"Leftist, Progressives love 2lie & claim they believe in God, but if they do they would never support #gaymarriage #Obamacare #SemST",0
Legalization of Abortion,That's like being into cannibalism but against abortion.comparing being against eggs but loving chicken. #cannibalism #analogy #SemST,0
